Date,series ,OPEN ,HIGH ,LOW ,PREV. CLOSE ,ltp ,close,vwap ,52W H ,52W L ,VOLUME ,VALUE ,No of trades ,close_DRReddy,close_maruthi
1-Feb-21,EQ,"1,250.55","1,277.95","1,241.00","1,239.05","1,267.10",3139.35,"1,255.60","1,392.80",509.25,8880279,"11,150,104,432.25",232672,4428.15,7399.8
29-Jan-21,EQ,"1,286.25","1,291.15","1,231.00","1,276.20","1,250.00",3111.35,"1,253.29","1,392.80",509.25,12183519,"15,269,437,394.85",268406,4602.7,7206.65
28-Jan-21,EQ,"1,291.80","1,296.45","1,272.55","1,301.00","1,276.50",3196.55,"1,283.02","1,392.80",509.25,4660690,"5,979,774,972.30",212130,4871.8,7588.5
27-Jan-21,EQ,"1,319.60","1,327.55","1,285.10","1,325.10","1,300.50",3261.05,"1,308.99","1,392.80",509.25,8133665,"10,646,861,260.40",285525,4909.3,7870.9
25-Jan-21,EQ,"1,345.00","1,347.90","1,313.00","1,340.85","1,335.00",3291.3,"1,337.58","1,392.80",509.25,6542611,"8,751,273,546.85",159466,5082.4,7981.5
22-Jan-21,EQ,"1,327.00","1,356.00","1,326.55","1,339.70","1,336.00",3303.1,"1,344.65","1,392.80",509.25,9646591,"12,971,261,022.25",188343,5036.9,8048.85
21-Jan-21,EQ,"1,350.00","1,361.05","1,335.00","1,339.45","1,342.00",3273.85,"1,344.32","1,392.80",509.25,6142421,"8,257,354,257.80",156050,5052.2,8076.75
20-Jan-21,EQ,"1,320.55","1,348.40","1,320.55","1,316.65","1,338.85",3308.8,"1,338.37","1,392.80",509.25,8225838,"11,009,221,845.75",195330,5080.65,8144.95
19-Jan-21,EQ,"1,320.00","1,331.00","1,312.00","1,312.05","1,319.35",3260.7,"1,320.27","1,392.80",509.25,5585744,"7,374,694,216.10",178275,5088.9,7922.6
18-Jan-21,EQ,"1,338.00","1,340.00","1,306.00","1,344.95","1,311.00",3221.75,"1,320.52","1,392.80",509.25,8861765,"11,702,148,822.35",230056,5052.1,7830.65
15-Jan-21,EQ,"1,360.00","1,364.45","1,340.00","1,370.50","1,343.40",3233.35,"1,352.96","1,392.80",509.25,15018441,"20,319,423,540.10",278300,5212.8,8024.75
14-Jan-21,EQ,"1,360.00","1,384.00","1,318.45","1,387.15","1,370.50",3250.7,"1,359.34","1,392.80",509.25,27521697,"37,411,219,055.40",530803,5308.9,8149.45
13-Jan-21,EQ,"1,373.85","1,392.80","1,360.00","1,371.75","1,388.65",3158.95,"1,378.96","1,392.80",509.25,14442997,"19,916,243,435.80",304458,5290,8139.85
12-Jan-21,EQ,"1,378.00","1,378.00","1,360.00","1,376.20","1,376.50",3174.85,"1,369.78","1,383.35",509.25,8309868,"11,382,710,088.05",264378,5353.85,8188.05
11-Jan-21,EQ,"1,342.10","1,383.35","1,340.00","1,312.10","1,375.95",3176.45,"1,366.80","1,383.35",509.25,20528626,"28,058,554,925.95",387124,5416.8,8232.75
8-Jan-21,EQ,"1,278.25","1,316.80","1,278.25","1,262.15","1,311.50",3120.9,"1,298.10","1,316.80",509.25,13186251,"17,117,011,224.65",227983,5338.25,8014.9
7-Jan-21,EQ,"1,296.00","1,297.65","1,255.50","1,282.10","1,266.50",3032.8,"1,266.59","1,302.00",509.25,10954918,"13,875,416,120.90",236192,5270.9,7566.05
6-Jan-21,EQ,"1,300.00","1,302.00","1,268.05","1,293.80","1,282.50",3051.5,"1,288.38","1,302.00",509.25,7161715,"9,226,975,582.30",178942,5288.3,7628.6
5-Jan-21,EQ,"1,282.00","1,299.00","1,275.05","1,288.25","1,290.35",3093,"1,289.82","1,299.00",509.25,8145280,"10,505,964,474.35",168537,5286.9,7655.45
4-Jan-21,EQ,"1,269.00","1,290.00","1,261.15","1,260.45","1,288.00",3039.45,"1,278.28","1,290.00",509.25,7208454,"9,214,400,329.00",189946,5272.25,7702.3
1-Jan-21,EQ,"1,257.90","1,265.50","1,255.80","1,255.80","1,259.50",2928.25,"1,261.66","1,265.50",509.25,4253550,"5,366,530,407.75",97445,5241.35,7691.3
31-Dec-20,EQ,"1,243.00","1,258.40","1,239.00","1,246.80","1,253.50",2862.75,"1,249.41","1,258.85",509.25,7430470,"9,283,731,807.85",117406,5205.1,7649.6
30-Dec-20,EQ,"1,253.00","1,253.30","1,238.15","1,250.30","1,244.00",2909.3,"1,247.48","1,258.85",509.25,5194690,"6,480,283,008.90",107704,5170.95,7612.9
29-Dec-20,EQ,"1,235.00","1,254.45","1,235.00","1,240.30","1,249.85",2930.5,"1,246.33","1,258.85",509.25,6878105,"8,572,419,679.20",132402,5165.6,7452.35
28-Dec-20,EQ,"1,238.45","1,248.00","1,236.00","1,236.05","1,239.45",2929.4,"1,240.58","1,258.85",509.25,4607051,"5,715,406,465.10",123013,5201.8,7483
24-Dec-20,EQ,"1,249.90","1,249.90","1,226.00","1,253.05","1,237.35",2909.35,"1,236.34","1,258.85",509.25,7313885,"9,042,415,622.95",172066,5201.8,7446.05
23-Dec-20,EQ,"1,238.00","1,258.85","1,230.55","1,220.50","1,252.00",2908.75,"1,245.77","1,258.85",509.25,15878346,"19,780,713,238.45",277251,5224.1,7449.95
22-Dec-20,EQ,"1,182.00","1,223.85","1,176.10","1,177.30","1,219.95",2872.5,"1,200.28","1,223.85",509.25,10901851,"13,085,219,235.00",249518,5161.8,7395.4
21-Dec-20,EQ,"1,188.00","1,209.75","1,152.05","1,189.80","1,174.00",2820.15,"1,192.94","1,209.75",509.25,10858352,"12,953,347,754.60",246658,5068.55,7376.1
18-Dec-20,EQ,"1,182.85","1,195.00","1,175.60","1,159.20","1,186.00",2861,"1,187.95","1,195.00",509.25,15995676,"19,002,082,921.70",279675,5228.75,7559.75
17-Dec-20,EQ,"1,165.90","1,168.90","1,156.20","1,165.70","1,158.60",2838.2,"1,162.88","1,186.00",509.25,6658153,"7,742,601,947.25",204147,5072.85,7694
16-Dec-20,EQ,"1,160.00","1,168.90","1,153.60","1,154.60","1,164.00",2814.2,"1,160.77","1,186.00",509.25,7788404,"9,040,530,195.00",158579,5038.95,7796.35
15-Dec-20,EQ,"1,156.00","1,163.70","1,152.00","1,164.55","1,154.40",2761.55,"1,156.78","1,186.00",509.25,6905926,"7,988,669,803.50",177326,5031.35,7765.25
14-Dec-20,EQ,"1,169.40","1,172.60","1,148.20","1,163.20","1,163.50",2797.7,"1,159.72","1,186.00",509.25,6728187,"7,802,805,823.50",186990,5022.8,7696.8
11-Dec-20,EQ,"1,159.70","1,171.95","1,155.25","1,167.75","1,165.20",2783.6,"1,163.84","1,186.00",509.25,10574009,"12,306,503,429.55",178023,5016.95,7733.55
10-Dec-20,EQ,"1,157.40","1,171.65","1,150.00","1,175.20","1,168.00",2784.3,"1,164.18","1,186.00",509.25,9488782,"11,046,635,082.65",295020,5053.1,7736
9-Dec-20,EQ,"1,168.05","1,179.50","1,157.00","1,153.35","1,176.55",2810.8,"1,169.97","1,186.00",509.25,10039346,"11,745,774,021.15",274494,5056.9,7709.25
8-Dec-20,EQ,"1,145.00","1,167.00","1,145.00","1,143.50","1,153.00",2797.3,"1,154.21","1,186.00",509.25,12308330,"14,206,387,606.60",272695,5015.2,7762.7
7-Dec-20,EQ,"1,147.30","1,153.00","1,136.00","1,134.65","1,142.95",2737.7,"1,142.07","1,186.00",509.25,7792141,"8,899,186,636.30",168273,5029.1,7743.4
4-Dec-20,EQ,"1,125.00","1,137.00","1,115.00","1,126.45","1,134.50",2727.55,"1,127.86","1,186.00",509.25,10564055,"11,914,725,948.45",167778,4908.55,7803.15
3-Dec-20,EQ,"1,147.00","1,147.00","1,122.70","1,140.90","1,125.00",2709.45,"1,128.63","1,186.00",509.25,16212632,"18,298,022,227.75",247732,4923.05,7739.1
2-Dec-20,EQ,"1,134.00","1,147.45","1,121.00","1,137.85","1,142.00",2749.55,"1,130.35","1,186.00",509.25,6741637,"7,620,426,542.50",153925,4850.25,7206.5
1-Dec-20,EQ,"1,105.05","1,140.25","1,105.05","1,100.00","1,137.05",2726.8,"1,129.13","1,186.00",509.25,8933802,"10,087,463,062.05",227850,4830.4,7101.7
27-Nov-20,EQ,"1,118.00","1,121.00","1,091.00","1,113.20","1,112.35",2679.65,"1,103.85","1,186.00",509.25,25306145,"27,934,277,723.70",238942,4828.95,7035.8
26-Nov-20,EQ,"1,119.95","1,119.95","1,098.30","1,115.65","1,118.00",2720.6,"1,105.60","1,186.00",509.25,10962256,"12,119,904,676.30",207324,4901.35,6994.25
25-Nov-20,EQ,"1,137.00","1,143.50","1,111.25","1,140.05","1,118.80",2701.3,"1,124.52","1,186.00",509.25,8958701,"10,074,223,659.60",220995,4806.3,7055.7
24-Nov-20,EQ,"1,145.00","1,154.90","1,133.35","1,139.85","1,140.15",2722.05,"1,142.60","1,186.00",509.25,8515426,"9,729,744,009.85",175511,4915.5,7158.4
23-Nov-20,EQ,"1,105.00","1,144.80","1,101.95","1,103.35","1,138.50",2724.25,"1,128.46","1,186.00",509.25,10546363,"11,901,155,594.05",200221,4828.75,6987.75
20-Nov-20,EQ,"1,106.00","1,109.00","1,091.10","1,096.75","1,104.45",2660.25,"1,101.92","1,186.00",509.25,8063554,"8,885,377,125.80",199981,4670.95,6965.85
19-Nov-20,EQ,"1,100.00","1,114.70","1,093.80","1,110.55","1,097.00",2636.9,"1,102.13","1,186.00",509.25,10092343,"11,123,110,241.35",179639,4707.7,6963.3
18-Nov-20,EQ,"1,128.50","1,132.70","1,101.45","1,123.70","1,111.25",2626.65,"1,111.01","1,186.00",509.25,9839468,"10,931,765,778.50",168106,4703.8,7054.3
17-Nov-20,EQ,"1,144.75","1,145.00","1,112.65","1,133.45","1,125.25",2666.05,"1,122.20","1,186.00",509.25,12813968,"14,379,842,098.00",190186,4784.15,6981.45
14-Nov-20,EQ,"1,137.00","1,139.65","1,131.10","1,124.20","1,134.00",2670.35,"1,134.22","1,186.00",509.25,1136144,"1,288,640,516.00",41663,4872.05,6852.25
13-Nov-20,EQ,"1,120.00","1,133.00","1,117.00","1,117.75","1,123.45",2656.85,"1,124.07","1,186.00",509.25,6363212,"7,152,675,712.65",105048,4856.9,6809.25
12-Nov-20,EQ,"1,128.10","1,142.00","1,113.75","1,122.50","1,119.60",2671.05,"1,123.99","1,186.00",509.25,9180976,"10,319,310,973.00",196511,4826.85,6836.85
11-Nov-20,EQ,"1,096.00","1,126.35","1,087.00","1,091.05","1,123.50",2687.8,"1,108.04","1,186.00",509.25,12514800,"13,866,920,724.70",254701,4882.15,6857.35
10-Nov-20,EQ,"1,113.85","1,113.85","1,078.00","1,136.55","1,093.90",2649.6,"1,093.14","1,186.00",509.25,15622869,"17,077,941,182.65",395983,4698,6793.45
9-Nov-20,EQ,"1,129.30","1,146.00","1,121.15","1,112.75","1,135.10",2726.6,"1,133.25","1,186.00",509.25,10160320,"11,514,169,317.70",202222,4879.65,6872.15
6-Nov-20,EQ,"1,108.00","1,121.10","1,091.70","1,104.00","1,119.00",2707.45,"1,101.98","1,186.00",509.25,8807127,"9,705,243,123.55",154736,4902.95,6907.6
5-Nov-20,EQ,"1,109.90","1,123.00","1,099.00","1,093.95","1,104.95",2685.7,"1,108.49","1,186.00",509.25,9568890,"10,607,037,968.05",181645,4958.5,7092.8
4-Nov-20,EQ,"1,068.00","1,116.00","1,066.80","1,062.55","1,094.75",2653.15,"1,097.09","1,186.00",509.25,15702690,"17,227,273,081.60",307084,4935.6,6954.05
3-Nov-20,EQ,"1,072.00","1,079.40","1,057.50","1,072.30","1,062.00",2633.6,"1,066.37","1,186.00",509.25,7204782,"7,682,963,162.75",172016,4877.35,6913.35
2-Nov-20,EQ,"1,065.00","1,079.95","1,051.10","1,060.60","1,068.70",2604.6,"1,066.94","1,186.00",509.25,7183119,"7,663,961,600.20",137700,4858.65,6868.35
30-Oct-20,EQ,"1,072.00","1,083.60","1,052.35","1,074.85","1,060.40",2664.85,"1,064.99","1,186.00",509.25,8800436,"9,372,342,225.30",164698,4888.65,6965.15
29-Oct-20,EQ,"1,070.00","1,082.00","1,060.10","1,076.55","1,073.00",2632.65,"1,071.68","1,186.00",509.25,6935804,"7,432,955,729.10",140609,4941.95,7117.7
28-Oct-20,EQ,"1,095.50","1,104.75","1,070.05","1,090.85","1,077.50",2622.2,"1,086.00","1,186.00",509.25,7608413,"8,262,761,209.15",180559,4951,7186.05
27-Oct-20,EQ,"1,105.70","1,109.70","1,077.15","1,112.45","1,094.50",2630.15,"1,089.56","1,186.00",509.25,10172530,"11,083,562,405.55",261137,5099.4,7158.4
26-Oct-20,EQ,"1,122.25","1,129.60","1,103.15","1,122.50","1,114.20",2688.2,"1,115.89","1,186.00",509.25,6309643,"7,040,841,830.20",133779,4978.1,7054.8
23-Oct-20,EQ,"1,133.00","1,135.00","1,120.15","1,129.05","1,122.40",2686.8,"1,125.55","1,186.00",509.25,9070121,"10,208,894,083.15",152888,5018.25,7103.25
22-Oct-20,EQ,"1,142.00","1,158.00","1,123.80","1,148.35","1,135.35",2671.15,"1,138.64","1,186.00",509.25,11271538,"12,834,266,054.15",264809,5022,6811.55
21-Oct-20,EQ,"1,141.15","1,154.35","1,135.00","1,137.50","1,146.75",2675.4,"1,147.11","1,186.00",509.25,19811809,"22,726,337,788.25",283354,5046.75,6861.85
20-Oct-20,EQ,"1,118.90","1,144.70","1,110.00","1,125.90","1,135.90",2739,"1,136.69","1,186.00",509.25,10448852,"11,877,155,840.10",209442,5071.15,6844.6
19-Oct-20,EQ,"1,135.00","1,139.00","1,115.30","1,127.50","1,127.55",2711.55,"1,125.00","1,186.00",509.25,12902146,"14,514,954,126.60",215472,5058.15,6851.95
16-Oct-20,EQ,"1,113.85","1,135.95","1,096.90","1,108.25","1,129.50",2763.3,"1,118.76","1,186.00",509.25,18366133,"20,547,237,503.45",311640,5080.55,6894.9
15-Oct-20,EQ,"1,180.00","1,186.00","1,092.50","1,137.00","1,113.25",2740.6,"1,128.17","1,186.00",509.25,44288566,"49,965,128,163.80",697193,5056.25,6892.6
14-Oct-20,EQ,"1,162.00","1,164.90","1,131.10","1,157.80","1,138.00",2809.6,"1,144.19","1,166.05",509.25,16649731,"19,050,428,946.65",279112,5123,7002.35
13-Oct-20,EQ,"1,135.55","1,166.05","1,135.55","1,132.10","1,160.00",2826.55,"1,149.41","1,166.05",509.25,17524137,"20,142,492,307.75",316392,5168.75,7032.9
12-Oct-20,EQ,"1,123.00","1,140.00","1,112.10","1,106.80","1,139.20",2830,"1,125.50","1,140.00",509.25,14633780,"16,470,282,643.35",191485,5220.5,7136.65
9-Oct-20,EQ,"1,095.10","1,113.30","1,088.45","1,093.70","1,111.20",2812.95,"1,100.16","1,124.00",509.25,10567955,"11,626,421,246.95",173995,5153,7062.4
8-Oct-20,EQ,"1,090.00","1,124.00","1,088.40","1,066.55","1,094.50",2825.7,"1,105.97","1,124.00",509.25,21483024,"23,759,656,745.85",386362,5194.4,7079.85
7-Oct-20,EQ,"1,044.90","1,072.00","1,035.50","1,055.75","1,070.10",2735.95,"1,053.29","1,072.00",509.25,9284060,"9,778,824,469.40",176585,5104.95,7046.9
6-Oct-20,EQ,"1,055.00","1,060.00","1,031.35","1,048.70","1,056.45",2714.3,"1,044.46","1,060.00",509.25,9090819,"9,494,983,883.60",205608,5136.5,6892.4
5-Oct-20,EQ,"1,018.05","1,054.90","1,018.05","1,017.65","1,047.60",2705.8,"1,043.67","1,054.90",509.25,14212560,"14,833,226,246.60",239001,5159.5,6818.85
1-Oct-20,EQ,"1,020.60","1,026.50","1,011.75","1,008.25","1,018.70",2523.45,"1,016.40","1,037.00",509.25,5563432,"5,654,650,743.35",122973,5112.05,6796.3
30-Sep-20,EQ,"1,009.00","1,023.95","1,005.00","1,009.00","1,006.00",2492.3,"1,011.93","1,037.00",509.25,8049899,"8,145,908,489.85",141642,5187.8,6743.45
29-Sep-20,EQ,"1,018.00","1,028.00","1,004.10","1,010.40","1,013.85",2488.4,"1,016.65","1,037.00",509.25,8708572,"8,853,558,129.85",184552,5084.2,6742.75
28-Sep-20,EQ,"1,014.80","1,016.15",998.5,"1,011.45","1,010.90",2426.3,"1,004.87","1,037.00",509.25,8554583,"8,596,234,609.15",165917,5129.85,6703
25-Sep-20,EQ,975.8,"1,014.90",975,975.4,"1,006.60",2422.3,998.29,"1,037.00",509.25,13311079,"13,288,352,061.75",230269,5112.2,6497.7
24-Sep-20,EQ,"1,003.00","1,009.00",970,"1,019.75",977.75,2332.25,986.71,"1,037.00",509.25,14427463,"14,235,738,439.90",273411,5027.4,6297.7
23-Sep-20,EQ,"1,020.15","1,037.00","1,008.10","1,007.50","1,019.85",2467.45,"1,024.08","1,037.00",509.25,13486274,"13,810,988,923.25",258509,5107.75,6501.3
22-Sep-20,EQ,"1,009.00","1,022.50",991.2,"1,009.90","1,008.00",2522.95,"1,007.79","1,031.00",509.25,12625775,"12,724,148,446.15",307283,5167.95,6440.55
21-Sep-20,EQ,"1,001.00","1,031.00","1,000.50","1,002.15","1,007.00",2465.3,"1,019.34","1,031.00",509.25,14140790,"14,414,221,200.50",284118,5142,6626.95
18-Sep-20,EQ,"1,011.00","1,018.80",999.1,"1,011.00","1,003.40",2449.9,"1,007.23","1,021.00",509.25,12897897,"12,991,132,019.30",228827,5333.35,6964.75
17-Sep-20,EQ,995,"1,021.00",995,"1,001.75","1,011.00",2460.95,"1,010.52","1,021.00",509.25,15628308,"15,792,764,185.70",340784,4827.25,7085.85
16-Sep-20,EQ,986,"1,005.65",982,982.45,"1,001.80",2503,991.46,"1,005.65",509.25,10059392,"9,973,473,916.20",239939,4627.9,7057.95
15-Sep-20,EQ,979.5,994,971.65,978.4,981.4,2491.4,982.27,994,509.25,11608223,"11,402,371,128.65",252665,4442.35,7052.8
14-Sep-20,EQ,957,991.05,948.3,945.7,975,2491.4,976.06,991.05,509.25,21871591,"21,347,911,659.75",342353,4364.1,7128.85
11-Sep-20,EQ,934.9,954.15,931,940.05,944.5,2374.1,945.41,986.45,509.25,6672082,"6,307,865,395.75",124065,4401.6,7193.6
10-Sep-20,EQ,935.3,942,924.8,927.75,939.65,2331.15,934.08,986.45,509.25,5172091,"4,831,122,431.90",101735,4380.15,7231.65
9-Sep-20,EQ,935,946,926,939.3,928.2,2327.65,933.78,986.45,509.25,5529150,"5,163,032,076.50",133068,4429.45,7215.25
8-Sep-20,EQ,929.95,952,925.55,925.05,938.8,2348.2,942.77,986.45,509.25,12892115,"12,154,247,390.25",200293,4348.8,7224
7-Sep-20,EQ,918.9,927.55,913.05,919.15,925.55,2327.05,921.27,986.45,509.25,6700450,"6,172,952,176.90",101639,4419.85,7209.15
4-Sep-20,EQ,915,929.5,914.45,935.55,920.5,2288.8,921.81,986.45,509.25,8650414,"7,974,078,250.95",146258,4322.5,7190.1
3-Sep-20,EQ,926.5,949.4,924,924,935.2,2299.5,937.36,986.45,509.25,8828016,"8,275,049,706.35",130511,4433.15,7072.6
2-Sep-20,EQ,915,926.4,913.5,914.15,923.6,2265.15,920.9,986.45,509.25,5678696,"5,229,493,200.00",105709,4352.75,6920.75
1-Sep-20,EQ,926.25,935,912.1,928.6,917.95,2246.35,921.79,986.45,509.25,6907783,"6,367,507,047.55",117189,4351.95,6905.65
31-Aug-20,EQ,935.25,950.5,914.6,935.25,919.7,2257.25,933.36,986.45,509.25,12808369,"11,954,811,845.40",206060,4264.7,6839.95
28-Aug-20,EQ,951.45,952.5,933.05,947.05,935.05,2238.55,940.5,986.45,509.25,7593988,"7,142,134,781.30",180829,4374.3,7104.1
27-Aug-20,EQ,960,960.95,945.2,950.8,950.8,2248.4,952.03,986.45,509.25,6154300,"5,859,108,364.45",124639,4437,7098
26-Aug-20,EQ,941.25,954.25,938.4,938.1,953.5,2253.5,945.03,986.45,509.25,5153663,"4,870,349,606.40",114894,4434.75,7008.65
25-Aug-20,EQ,947.5,948.65,933.6,947.4,938.6,2242.65,940.65,986.45,509.25,6233923,"5,863,927,589.80",105761,4427.7,7109.95
24-Aug-20,EQ,947,952,939.2,948.8,948.55,2248.1,946.24,986.45,509.25,5798579,"5,486,819,045.35",153799,4472.55,7082.5
21-Aug-20,EQ,963.05,963.45,946.55,955.15,949.8,2248.6,951.89,986.45,509.25,6513784,"6,200,435,488.95",123340,4489.75,6973
20-Aug-20,EQ,958.9,965.5,951.3,959.3,951.8,2252.85,957.55,986.45,509.25,5656667,"5,416,530,383.70",123695,4476,6974.7
19-Aug-20,EQ,970.9,971.55,957.45,967.55,960,2256.6,963.05,986.45,509.25,6622744,"6,378,066,100.85",125391,4489.25,6990.3
18-Aug-20,EQ,963.9,969.2,958.7,957.5,967.1,2269.75,964.28,986.45,509.25,6142171,"5,922,744,205.10",119041,4520.4,6893.1
17-Aug-20,EQ,954.1,972.45,954.1,953.6,958.3,2253.4,962.38,986.45,509.25,9008716,"8,669,769,419.80",140270,4519.15,6768.4
14-Aug-20,EQ,955.85,963,952.05,951.2,954.5,2242.15,957.2,986.45,509.25,4663873,"4,464,257,395.40",88402,4519.4,6588.2
13-Aug-20,EQ,954.8,968.5,948.25,954.95,952.3,2254.45,956.51,986.45,509.25,5097705,"4,876,025,984.20",87144,4502.25,6731.65
12-Aug-20,EQ,948,958.8,942.2,948.45,952.85,2257.35,950.21,986.45,509.25,6908732,"6,564,723,271.45",89286,4518.15,6730.3
11-Aug-20,EQ,949.9,962,946.1,951.35,950.5,2279.9,953.42,986.45,509.25,6802508,"6,485,671,474.65",92778,4595.9,6649.2
10-Aug-20,EQ,948.9,956.8,945.3,950.9,950.55,2282.8,952.75,986.45,509.25,5716472,"5,446,342,904.05",102663,4690.9,6608.9
7-Aug-20,EQ,969.45,969.45,949,970.85,951.65,2295.35,955.24,986.45,509.25,8010973,"7,652,389,955.25",159251,4573.5,6679
6-Aug-20,EQ,953.5,974.4,942.5,944.7,972,2308.1,962.12,986.45,509.25,10976523,"10,560,771,158.20",202937,4583.05,6555.75
5-Aug-20,EQ,952,960.95,938.3,949.85,944.5,2259.5,947.7,986.45,509.25,9616176,"9,113,224,804.75",170591,4600.95,6526.25
4-Aug-20,EQ,960.45,970.7,940.55,956.9,952,2249.7,949.99,986.45,509.25,11133259,"10,576,516,986.20",166839,4634.85,6358.95
3-Aug-20,EQ,960,965.4,947.45,966,955.3,2254.15,954.94,986.45,509.25,8480166,"8,098,076,651.40",164566,4527.45,6165.2
31-Jul-20,EQ,969.25,986.45,953.3,961.45,967.75,2281.4,971.12,986.45,509.25,12704359,"12,337,423,707.70",195979,4521.05,6262.75
30-Jul-20,EQ,962,972.65,958.75,954.15,962.15,2279.5,965.59,972.65,509.25,12492569,"12,062,741,576.70",222807,4516.6,6265.4
29-Jul-20,EQ,953.25,960,943.6,962.85,951.95,2276.05,952.22,967.55,509.25,11152710,"10,619,817,805.65",212215,4302.2,6185.15
28-Jul-20,EQ,946,967.55,941.2,948.45,960.6,2309.75,953.58,967.55,509.25,15819466,"15,085,058,374.45",220010,4051.35,6282.8
27-Jul-20,EQ,921.55,952.8,918.65,922.85,947.15,2206.8,939.16,955.5,509.25,16828218,"15,804,436,676.55",278528,4015.7,6043.3
24-Jul-20,EQ,903.25,925.75,903.25,907.95,921.2,2157.4,915.28,955.5,509.25,18209670,"16,666,989,753.65",240036,4065.95,6000.7
23-Jul-20,EQ,915.65,915.8,900.65,917.9,911.25,2171.2,907.32,955.5,509.25,13052804,"11,843,097,055.65",203420,4130,6065.95
22-Jul-20,EQ,938.95,939,910,936.75,919.25,2190.95,921.44,955.5,509.25,14354421,"13,226,774,280.80",191180,4061.6,6003.4
21-Jul-20,EQ,945,949.7,929.2,934.3,937.35,2225.05,937.15,955.5,509.25,12877814,"12,068,383,201.45",209340,4033.55,6130.85
20-Jul-20,EQ,908.5,945,906.75,903.15,942.95,2207.9,921.63,955.5,509.25,18421083,"16,977,458,352.50",242092,4092.1,5867.5
17-Jul-20,EQ,911,919.9,892.15,911,905.65,2200.75,903.73,955.5,509.25,31682904,"28,632,889,196.35",432265,4118.75,5919.5
16-Jul-20,EQ,900.1,955.5,894.25,830.95,910,2234.75,920.45,955.5,509.25,90433393,"83,239,052,701.35",936612,4152.15,5875.35
15-Jul-20,EQ,799,848.45,794.8,783.25,833.95,2233.9,828.95,848.45,509.25,30060998,"24,919,080,835.20",376383,4036.45,5801.3
14-Jul-20,EQ,792.95,806.4,781.35,797.05,784.95,2171.95,794.38,847,509.25,8961822,"7,119,121,563.15",139180,3983.15,5771.75
13-Jul-20,EQ,788,805.35,786.05,781.85,796.1,2220,797.65,847,509.25,10804911,"8,618,519,870.00",150013,3899.55,5988.85
10-Jul-20,EQ,773.5,789.9,773.5,781.7,779.9,2222.35,782.38,847,509.25,5206452,"4,073,445,025.55",94276,3905.45,5955.65
9-Jul-20,EQ,780,790,775,774.7,782.05,2204.35,781.17,847,509.25,6854196,"5,354,314,427.50",130712,3896.6,6002.35
8-Jul-20,EQ,784.9,784.9,772.2,794.15,774.5,2218.9,778.55,847,509.25,8476675,"6,599,550,757.35",145325,3886.7,6044.4
7-Jul-20,EQ,769.4,796.95,765.55,764,789.9,2269.9,785.79,847,509.25,19362666,"15,215,059,540.35",321825,3823.5,6226.75
6-Jul-20,EQ,765.2,775,761.5,762.7,764.4,2263.2,768.11,847,509.25,8811009,"6,767,835,779.25",180660,3892,6123.6
3-Jul-20,EQ,755,764,752.5,756.6,762.15,2199.65,759.35,847,509.25,7796573,"5,920,349,096.50",148320,3921.45,5932.1
2-Jul-20,EQ,737.35,765.45,735.4,731.9,756,2157.15,756.33,847,509.25,17263764,"13,057,143,719.20",207044,3920.55,5948.45
1-Jul-20,EQ,737.25,742.3,729.75,735.95,730.85,2092.05,736.05,847,509.25,5477687,"4,031,836,579.90",101474,3911.45,5803.1
30-Jun-20,EQ,732.8,738.95,724.25,731.75,733.7,2082.15,733.74,847,509.25,10411347,"7,639,234,132.75",140340,3944.95,5838.3
29-Jun-20,EQ,735.4,744.7,730.1,748.2,731.4,2101.65,735.05,847,509.25,8954490,"6,582,024,856.20",128524,3973.85,5678.7
26-Jun-20,EQ,710.2,751.6,710,700.5,747,2118.85,740.04,847,509.25,26030535,"19,263,536,479.45",378564,3998.6,5754.9
25-Jun-20,EQ,704.85,705.6,693.5,714.15,700.7,2016.1,700.31,847,509.25,14945304,"10,466,323,460.00",214685,4006.6,5762.3
24-Jun-20,EQ,716.9,726.8,709.4,720.65,715.25,2042.2,717.48,847,509.25,10220908,"7,333,276,139.65",147819,4042.65,5755.35
23-Jun-20,EQ,695.7,724.5,692.1,703.7,720,2035.3,713.34,847,509.25,12157486,"8,672,464,910.20",203759,4108.85,5886.5
22-Jun-20,EQ,707.1,708.7,700,705.55,703.45,2027.95,702.88,847,509.25,7804139,"5,485,377,026.20",145862,4032.85,5896
19-Jun-20,EQ,709,711.9,701,713.9,708.15,2044.6,704.87,847,509.25,22438873,"15,816,432,219.65",266933,4005.6,5897.35
18-Jun-20,EQ,708.2,716.6,706,703.65,713.4,2038.1,711.84,847,509.25,6670206,"4,748,091,716.40",174646,4007,5714.4
17-Jun-20,EQ,699.9,710.3,698,701.2,704.6,2047.8,705.4,847,509.25,7291919,"5,143,752,646.30",136959,3985.2,5726.2
16-Jun-20,EQ,702,712,699.15,687.55,700,2045.8,705.08,847,509.25,10132423,"7,144,207,775.05",170413,4005.45,5502.2
15-Jun-20,EQ,693,704.4,685.25,692.05,688.05,2029.9,692.55,847,509.25,7857344,"5,441,612,326.85",105262,4012.3,5475.75
12-Jun-20,EQ,675.8,695.15,675.5,703.95,691,2039.5,686.35,847,509.25,9796064,"6,723,519,557.80",165667,4007.95,5561.75
11-Jun-20,EQ,712,713.4,700.25,715.85,703.8,2067.65,707.7,847,509.25,8825914,"6,246,123,985.50",140529,4057.6,5426.15
10-Jun-20,EQ,715,719.45,709.2,717.6,714.95,2108.75,715.57,847,509.25,7263272,"5,197,377,191.25",121854,4112.5,5675.6
9-Jun-20,EQ,720,729.6,715.05,720.85,715.05,2072.05,721.62,847,509.25,10078863,"7,273,061,785.45",173628,4123.8,5662.3
8-Jun-20,EQ,707.65,725.8,704,703.55,722.05,2071.75,718.75,847,509.25,10719124,"7,704,389,372.55",180849,3967.6,5734.8
5-Jun-20,EQ,707,711.7,700.6,707.75,704.75,2048.25,705.8,847,509.25,7718943,"5,448,030,851.95",124734,4024.9,5746.2
4-Jun-20,EQ,702,709.45,697.5,701.55,707.05,2091.55,704.17,847,509.25,10783594,"7,593,495,551.30",134508,3998.9,5690.2
3-Jun-20,EQ,710.7,711.9,696,708.1,702.85,2046.15,702.71,847,509.25,11378568,"7,995,869,972.15",179242,3962.4,5624
2-Jun-20,EQ,700.5,711.65,697.55,699.55,708.2,2047.15,706.32,847,509.25,7059409,"4,986,183,795.25",123937,3895.3,5690.1
1-Jun-20,EQ,698.75,706.65,691.5,691,699.55,2045.25,700.27,847,509.25,12276649,"8,596,981,339.80",166839,3953.55,5793.6
29-May-20,EQ,692.5,700.8,674.95,707.4,692,1972.35,690.78,847,509.25,28291172,"19,543,032,832.05",241793,4071.25,5610.8
28-May-20,EQ,707,710,690,705.45,706,2004.3,699.96,847,509.25,9440121,"6,607,699,864.30",141590,3887.75,5468.35
27-May-20,EQ,686.05,709.2,675,680.55,706.2,2005.3,693.83,847,509.25,8774694,"6,088,143,746.40",155415,3883,5244.4
26-May-20,EQ,693,699.45,679,692.35,681.3,1943,689.51,847,509.25,7099719,"4,895,318,483.95",122600,3864.3,5246.15
22-May-20,EQ,675,695.85,673.5,672.2,692,2020.35,688.38,847,509.25,11867864,"8,169,629,532.35",201776,3892.85,5134.3
21-May-20,EQ,666.5,679.45,665.4,669.55,673,1991.2,672.37,847,509.25,7214401,"4,850,780,460.30",122009,3847.5,5050.1
20-May-20,EQ,668.5,673,659.65,668.6,666,1953.6,666.46,847,509.25,5795193,"3,862,248,243.90",104746,3910.2,4891.95
19-May-20,EQ,664,674.8,655,663.9,670,1948.65,668.12,847,509.25,5902238,"3,943,378,544.20",121850,3699.6,4805.3
18-May-20,EQ,659.85,670.55,653,652.3,659.6,1945.6,663.53,847,509.25,10435495,"6,924,280,885.05",160262,3679.15,4720.95
15-May-20,EQ,664.8,664.8,646.7,658.15,652.3,1892.9,652.46,847,509.25,9255353,"6,038,757,599.40",159733,3735.1,5100.4
14-May-20,EQ,659,671.75,652.6,694.15,658.2,1902.35,662.77,847,509.25,16888356,"11,193,113,875.85",284577,3732,5114.05
13-May-20,EQ,694.8,699.9,683.75,687.65,693.75,1949.65,693.94,847,509.25,8287106,"5,750,758,216.45",156513,3779.6,5036.1
12-May-20,EQ,678.5,691,675.5,682.9,687,1949.5,684.84,847,509.25,7356063,"5,037,715,533.35",165655,3773.4,4951.3
11-May-20,EQ,682.5,698.55,678,674.2,683.75,1935.3,688.95,847,509.25,7370192,"5,077,673,283.60",157658,3862,4937.8
8-May-20,EQ,672.25,680.9,668.5,664.95,676,1893.4,674.96,847,509.25,8400376,"5,669,937,480.30",206669,3984,4654.15
7-May-20,EQ,665.55,674.35,662.45,665.9,666.7,1891.65,668.79,847,509.25,4779550,"3,196,499,216.80",93851,3837.65,4749.3
6-May-20,EQ,676.9,681.45,664.05,673.7,667,1903.6,671.02,847,509.25,7934457,"5,324,157,713.35",211094,3852.5,4843.25
5-May-20,EQ,681.75,685.6,670,673.7,674.5,1932.75,679.28,847,509.25,6393108,"4,342,730,627.00",132076,3833.9,4829.85
4-May-20,EQ,689.8,701.2,670.35,715.5,675.15,1930.45,686.15,847,509.25,9122803,"6,259,591,492.80",177978,3939,4886.3
30-Apr-20,EQ,700,720,698.1,676.55,715.05,2014.45,711.47,847,509.25,16254036,"11,564,226,725.75",277142,3936.3,5358.8
29-Apr-20,EQ,666,682,658,660.7,678,1905.65,671.94,847,509.25,8639246,"5,805,084,866.05",175742,3880.7,5068.45
28-Apr-20,EQ,673,677,653.05,664.6,664.05,1859.05,659.88,847,509.25,7296594,"4,814,874,278.60",128788,3949.75,5052.7
27-Apr-20,EQ,661.05,681,661.05,658,665.1,1836.6,670.63,847,509.25,7183316,"4,817,370,467.65",143869,3980.3,5056.35
24-Apr-20,EQ,668.55,675,654.8,679.3,660.95,1818.55,662.5,847,509.25,7319950,"4,849,470,612.45",162251,4002.8,5045.65
23-Apr-20,EQ,647.05,683.65,638.1,641.85,675,1878.25,665.09,847,509.25,14451294,"9,611,440,870.60",225884,4027.1,5156.35
22-Apr-20,EQ,633.2,645,628.05,633.2,641.5,1769.5,639.85,847,509.25,8267159,"5,289,759,466.35",148917,4056.8,5180.85
21-Apr-20,EQ,627.8,646.5,627.8,653.3,633,1737.65,638.34,847,509.25,11660678,"7,443,524,923.00",195803,4016.4,5001.1
20-Apr-20,EQ,640,661,639,628.75,650.95,1818.65,653.71,847,509.25,13322995,"8,709,344,590.30",220363,3844.75,5331.35
17-Apr-20,EQ,644,646,626,623.85,634.2,1806.2,633.5,847,509.25,8878372,"5,624,422,628.20",220448,3929.55,5505
16-Apr-20,EQ,619.95,634.9,603.5,639.05,626.9,1716.05,620.5,847,509.25,17783310,"11,034,508,894.50",254606,3860.65,5130.8
15-Apr-20,EQ,651.4,653.3,635.6,637.4,640,1735.15,645.85,847,509.25,11963493,"7,726,657,236.85",278339,3807.6,5094.3
13-Apr-20,EQ,629,651.7,626.05,636.25,637,1759.25,641.21,847,509.25,8330291,"5,341,425,789.00",232090,3746.6,5283.15
9-Apr-20,EQ,646.8,652.8,632.1,631.6,635.6,1766.15,640.28,847,509.25,11931287,"7,639,338,597.25",232901,3621.55,5326.65
8-Apr-20,EQ,630,655.65,626.35,639,632.25,1705.45,637.44,847,509.25,11806901,"7,526,162,135.55",235881,3683,4698.1
7-Apr-20,EQ,615,644.25,612.9,585.7,633.8,1775.2,627.65,847,509.25,15146526,"9,506,714,566.30",260480,3583.2,4553.65
3-Apr-20,EQ,603.5,606,582.15,602.8,588.5,1654.2,592.53,847,509.25,10221890,"6,056,725,607.95",261228,3146.8,4011.5
1-Apr-20,EQ,634.35,637.5,594,641.5,603.9,1708.75,611.89,847,509.25,13083865,"8,005,888,360.85",379235,3095,4246.35
31-Mar-20,EQ,650,662,633.7,626.7,639.6,1826.1,647.8,847,509.25,15175528,"9,830,768,498.10",279311,3120.75,4288.3
30-Mar-20,EQ,625.1,663.5,621.1,652.7,623.8,1778.5,638.82,847,509.25,14625720,"9,343,228,363.50",230047,2994.25,4328.45
27-Mar-20,EQ,665.05,674.9,642.25,643,655,1824.5,653.79,847,509.25,13495469,"8,823,242,465.25",262091,2916.5,4646.1
26-Mar-20,EQ,615,650.85,612.1,606.2,640,1790.95,638.74,847,509.25,14868843,"9,497,347,855.35",291975,2948.55,4878
25-Mar-20,EQ,597,635,565.7,589.8,607,1750.3,596.75,847,509.25,18339650,"10,944,193,384.35",429544,2922,5005.95
24-Mar-20,EQ,522,601.15,522,526.45,600,1703.15,572.73,847,509.25,20029537,"11,471,457,437.10",434375,2857.95,4486.45
23-Mar-20,EQ,540,560.95,515.9,585.2,529.15,1669.7,531.33,847,509.25,17146303,"9,110,393,752.80",258952,2768.4,4220.35
20-Mar-20,EQ,549.5,617.45,548,545.55,580.9,1797.45,585.1,847,509.25,21356183,"12,495,510,370.85",407561,2897.25,5079.2
19-Mar-20,EQ,509.25,558,509.25,534.3,551.8,1636.35,540.83,847,509.25,16584106,"8,969,244,995.00",313532,2623.95,4819.55
18-Mar-20,EQ,568,578,528,554.95,531.7,1654.4,552.92,847,528,15391568,"8,510,344,347.20",235885,2668.45,5352.65
17-Mar-20,EQ,588.1,592,550,583.15,560,1658,571.99,847,550,16060126,"9,186,285,698.00",359329,2781.2,5603.95
16-Mar-20,EQ,622,622.15,580,642.35,583.2,1696.4,597.37,847,570,19140854,"11,434,179,964.35",462293,2826.95,5480.25
13-Mar-20,EQ,592,667,570,631.2,652.15,1806.3,629,847,570,16903140,"10,632,077,962.50",286353,2885.1,5838.6
12-Mar-20,EQ,668,670,627.5,686,631,1769.85,644.47,847,615.1,13965689,"9,000,417,645.15",265786,2850.4,5643.15
11-Mar-20,EQ,690.65,695.95,669.05,704.45,682.15,1953.7,685.87,847,615.1,16165054,"11,087,131,348.55",233010,3000.6,6146.3
9-Mar-20,EQ,724.5,725.85,697,738.95,706.4,1972.35,705.63,847,615.1,10308697,"7,274,162,430.10",180848,3061.25,6201.1
6-Mar-20,EQ,741,744,729.1,754.6,739,2116.45,738.53,847,615.1,9216022,"6,806,310,521.15",147517,3170.95,6445.95
5-Mar-20,EQ,763.75,773.55,751.75,758.75,754.15,2125.05,763.7,847,615.1,7755293,"5,922,737,656.50",124093,3184.45,6365.95
4-Mar-20,EQ,753.9,761.5,745.55,747,758,2083.2,753.23,847,615.1,11013444,"8,295,623,046.90",155822,3171.35,6384.35
3-Mar-20,EQ,755,759,741.25,741.05,751,2036.2,749.09,847,615.1,7826587,"5,862,836,380.75",136066,3043.7,6386.05
2-Mar-20,EQ,737,765.9,733.75,731.7,739.4,2001.3,750.99,847,615.1,9821523,"7,375,861,532.00",155968,2905.55,6285.15
28-Feb-20,EQ,750,756.8,722.05,777.85,732,2000.15,738.68,847,615.1,14123957,"10,433,101,671.40",277778,2927.1,6283.1
27-Feb-20,EQ,778,780.75,772.2,782.75,776.55,2105.5,777.16,847,615.1,5223386,"4,059,425,154.50",100716,3067.05,6289.8
26-Feb-20,EQ,793.95,801.45,780.5,798.4,782.25,2123.6,791.65,847,615.1,8760569,"6,935,314,353.15",168481,3075.35,6234.85
25-Feb-20,EQ,799,806,795.4,795.85,799.5,2156.15,799.93,847,615.1,6996695,"5,596,900,401.25",114637,3086.9,6414.55
24-Feb-20,EQ,800.1,811.6,792.15,797,795.9,2115.35,804.05,847,615.1,6627536,"5,328,879,149.90",130286,3176.3,6470.4
20-Feb-20,EQ,803.25,806.1,793.85,800.45,796.8,2156.8,800.74,847,615.1,4564569,"3,655,039,598.50",94252,3255.3,6757.6
19-Feb-20,EQ,800,804.85,796.15,797.65,800.4,2196.35,799.62,847,615.1,3985192,"3,186,637,946.20",79345,3278.15,6756.6
18-Feb-20,EQ,785,799.05,783.65,789.45,798.5,2215.75,793.27,847,615.1,5083346,"4,032,462,343.75",103674,3251.35,6781.1
17-Feb-20,EQ,790.3,793.45,783.3,786.45,788.85,2203.25,789.21,847,615.1,2929629,"2,312,085,827.25",69780,3295.55,6906.75
14-Feb-20,EQ,794.5,799.2,784.6,792.25,786.3,2184.2,791.78,847,615.1,5321680,"4,213,573,742.60",103460,3304.3,6913.8
13-Feb-20,EQ,785,794,782.2,781.05,792.5,2191.95,787.51,847,615.1,4387430,"3,455,129,906.00",80876,3324.6,7005.05
12-Feb-20,EQ,775.8,783.25,775.1,773.55,780.8,2170.75,780.73,847,615.1,2948825,"2,302,228,797.45",80507,3195.7,7043.3
11-Feb-20,EQ,779,779.1,769.2,773.2,775,2153.4,773.48,847,615.1,4312817,"3,335,859,222.95",83764,3191.2,7033.75
10-Feb-20,EQ,774,778,769.75,777.3,773,2161.95,772.86,847,615.1,3827682,"2,958,264,287.05",50917,3149.1,6892.9
7-Feb-20,EQ,775.95,778.85,771,771.35,776,2136.55,775.8,847,615.1,2853344,"2,213,620,887.90",53815,3166.7,6971.75
6-Feb-20,EQ,784.35,786.8,770,784.55,772,2128.35,775.78,847,615.1,7341622,"5,695,512,989.35",133662,3158.95,7021.6
5-Feb-20,EQ,781,786,774.4,787.85,784.5,2146.55,779.33,847,615.1,6310409,"4,917,872,804.05",142904,3133.35,7040.9
4-Feb-20,EQ,770.1,789.9,770.1,767.4,788.1,2107.75,781.11,847,615.1,5771311,"4,508,019,532.10",126688,3241.85,7199.6
3-Feb-20,EQ,782,790.95,764.5,779.5,767.1,2102.5,771.38,847,615.1,6416745,"4,949,738,299.40",132708,3144.15,7011.3
1-Feb-20,EQ,775.1,791.25,769.25,775.95,777,2164.85,779.56,847,615.1,5104062,"3,978,923,966.60",105374,3123.05,6812.65
2-Jan-20,,,,,,,,,,,,,,,
