Date,series,OPEN,HIGH,LOW,PREV. CLOSE ,ltp ,close,vwap ,52W H ,52W L ,VOLUME ,VALUE ,No of trades 
1-Feb-21,EQ,919,933.75,896.35,914,932.1,928.35,915.3,1067,375.25,8651478,"7,918,681,533.35",208551
29-Jan-21,EQ,941,949.5,909.5,933.95,914.5,914,927.73,1067,375.25,7692663,"7,136,714,192.85",160581
28-Jan-21,EQ,948.8,952.4,930.1,955.5,932,933.95,941.03,1067,375.25,6960905,"6,550,446,434.55",191909
27-Jan-21,EQ,952.1,963.25,942.5,947.5,957.4,955.5,955.55,1067,375.25,7531736,"7,196,966,517.55",247705
25-Jan-21,EQ,997,997,941,985.8,948,947.5,966.54,1067,375.25,7731883,"7,473,144,666.95",325690
22-Jan-21,EQ,991.7,1004,981.4,993.3,985.95,985.8,990,1067,375.25,5379466,"5,325,689,212.60",182218
21-Jan-21,EQ,1009,1020,982.95,999.25,991.5,993.3,1003.92,1067,375.25,8857975,"8,892,726,373.60",185089
20-Jan-21,EQ,991.75,1009.65,987.55,983.85,997.5,999.25,1001.18,1067,375.25,7444118,"7,452,887,783.00",153672
19-Jan-21,EQ,988,997,979.35,981.5,987,983.85,985.98,1067,375.25,6387923,"6,298,346,813.15",168528
18-Jan-21,EQ,1000,1004.95,976.9,989.8,978.1,981.5,990.09,1067,375.25,12947569,"12,819,240,554.90",256612
15-Jan-21,EQ,1047.65,1052.85,984,1027.7,989,989.8,1009.81,1067,375.25,23769415,"24,002,697,489.25",463474
14-Jan-21,EQ,1049,1049,1006.6,1055.95,1031,1027.7,1026.49,1067,375.25,15021108,"15,419,088,647.25",349280
13-Jan-21,EQ,1064,1067,1041,1062.1,1057,1055.95,1054.37,1067,375.25,6691409,"7,055,244,429.80",139957
12-Jan-21,EQ,1052,1065.05,1038.7,1055.1,1064,1062.1,1049.24,1065.05,375.25,6700542,"7,030,502,202.05",183794
11-Jan-21,EQ,1015,1059.05,1008,994.65,1053.25,1055.1,1033.95,1059.05,375.25,13384331,"13,838,751,594.30",259727
8-Jan-21,EQ,974.9,1003.5,970,962.55,994.15,994.65,986.68,1003.5,375.25,8034775,"7,927,736,978.75",112810
7-Jan-21,EQ,988,988.2,959.4,978.2,963.9,962.55,969.71,998,375.25,5261000,"5,101,642,454.65",104038
6-Jan-21,EQ,997.9,998,966.1,991.35,976,978.2,984.98,998,375.25,5995748,"5,905,668,068.15",142578
5-Jan-21,EQ,967.2,995.8,967.2,980.4,992.5,991.35,985.02,995.8,375.25,7150252,"7,043,170,176.50",121058
4-Jan-21,EQ,959,984.7,952.65,950.5,978.3,980.4,968.71,984.7,375.25,5259092,"5,094,523,210.90",96212
1-Jan-21,EQ,942,955.5,942,946.15,950.25,950.5,950.65,955.5,375.25,3142822,"2,987,712,518.10",52922
31-Dec-20,EQ,939.05,949.85,935,940.7,946.4,946.15,942.19,950,375.25,3468390,"3,267,889,419.30",63219
30-Dec-20,EQ,938,950,931,935.9,941.15,940.7,940.88,950,375.25,6382809,"6,005,437,042.05",129019
29-Dec-20,EQ,929,945,925.25,921.8,936,935.9,936.61,945,375.25,6760167,"6,331,637,870.85",121535
28-Dec-20,EQ,925,927.5,913.5,919.35,922.7,921.8,921.16,935,375.25,3884750,"3,578,479,998.20",88769
24-Dec-20,EQ,927.95,928.25,910.7,922.6,917,919.35,919.19,935,375.25,4390561,"4,035,768,678.40",85401
23-Dec-20,EQ,920,935,914.8,913.8,921.9,922.6,925.27,935,375.25,10723068,"9,921,735,580.65",176400
22-Dec-20,EQ,879.15,919.25,872,870.45,917,913.8,892.93,919.25,375.25,10251896,"9,154,186,077.65",196248
21-Dec-20,EQ,886.65,910.5,850,890.65,872,870.45,892.43,910.7,375.25,8875855,"7,921,082,596.25",201257
18-Dec-20,EQ,894.75,905,886.65,879.35,890.35,890.65,897.36,910.7,375.25,11568187,"10,380,782,845.00",196000
17-Dec-20,EQ,887,887,877,885.05,878,879.35,882.14,910.7,375.25,4863371,"4,290,169,955.00",133920
16-Dec-20,EQ,886.25,892,878.45,886,882,885.05,883.95,910.7,375.25,4378179,"3,870,092,023.85",105667
15-Dec-20,EQ,874.7,889,870,873,885.1,886,883.14,910.7,375.25,7527270,"6,647,642,107.80",144698
14-Dec-20,EQ,866.1,875.65,858.1,862.25,873.7,873,866.62,910.7,375.25,5143894,"4,457,809,158.10",114180
11-Dec-20,EQ,871,881.8,855.2,866.75,865.15,862.25,867.59,910.7,375.25,5637035,"4,890,608,092.65",123619
10-Dec-20,EQ,870.55,877.8,865,870.55,869.5,866.75,869.9,910.7,375.25,4641898,"4,037,996,033.80",98691
9-Dec-20,EQ,866.1,880,864.1,863.8,871.35,870.55,874.48,910.7,375.25,5952003,"5,204,889,086.50",122920
8-Dec-20,EQ,859,875.7,856,855.3,863.2,863.8,865.6,910.7,375.25,8722526,"7,550,238,411.20",190746
7-Dec-20,EQ,858,859.95,850.4,858.5,855,855.3,854.22,910.7,375.25,5314265,"4,539,560,113.05",83690
4-Dec-20,EQ,866,867.85,854.45,862.2,858,858.5,860.55,1139,375.25,5577388,"4,799,641,241.40",147987
3-Dec-20,EQ,848.5,864,843.3,843.15,862.05,862.2,857.58,1139,375.25,9633229,"8,261,241,361.20",149310
2-Dec-20,EQ,836.15,847.45,831.3,834.1,844,843.15,839.26,1139,375.25,7062229,"5,927,067,927.40",174376
1-Dec-20,EQ,824,835.7,815.1,822.1,835,834.1,825.89,1139,375.25,8078785,"6,672,227,499.75",170411
27-Nov-20,EQ,842,847.8,814.35,842.05,823.15,822.1,827.29,1143.4,375.25,11723771,"9,698,926,529.75",154427
26-Nov-20,EQ,824.1,845,819.6,824.7,841.2,842.05,834.43,1143.4,375.25,8414555,"7,021,383,073.75",138751
25-Nov-20,EQ,840.5,846,822.5,840.5,825,824.7,829.08,1143.4,375.25,5610232,"4,651,324,787.35",124023
24-Nov-20,EQ,843.9,857.4,835.35,839.2,841,840.5,847.95,1143.4,375.25,8465615,"7,178,405,737.30",169850
23-Nov-20,EQ,825,842,816.25,819.25,838.5,839.2,832.35,1143.4,375.25,7116516,"5,923,458,911.95",139507
20-Nov-20,EQ,813.95,823.5,804,804.55,820,819.25,816.68,1149.7,375.25,7455575,"6,088,810,391.30",123101
19-Nov-20,EQ,815,820.45,803,814.3,804.6,804.55,811.27,1149.7,375.25,7170339,"5,817,114,544.55",121823
18-Nov-20,EQ,819,819.9,800.25,815,814,814.3,808.06,1149.7,375.25,5816221,"4,699,836,405.30",132705
17-Nov-20,EQ,837.95,837.95,814,830.5,816.2,815,818.56,1149.7,375.25,5977903,"4,893,292,336.45",121111
14-Nov-20,EQ,834,834,829,828.1,830.5,830.5,831.16,1159.8,375.25,475390,"395,126,484.60",16338
13-Nov-20,EQ,822.9,831.45,818.15,824.7,827.85,828.1,826.38,1159.8,375.25,3918289,"3,238,010,484.85",67486
12-Nov-20,EQ,827.15,837,822,826.05,824.8,824.7,827.32,1159.8,375.25,4699639,"3,888,103,545.35",143412
11-Nov-20,EQ,813,829,805.35,809.7,827,826.05,816.15,1159.8,375.25,9779484,"7,981,504,358.40",209931
10-Nov-20,EQ,848.5,848.5,805.75,855,812.15,809.7,819.11,1159.8,375.25,10397497,"8,516,693,853.30",230164
9-Nov-20,EQ,866.8,872.8,847.1,850.1,858.95,855,856.87,1159.8,375.25,7505062,"6,430,873,335.15",141970
6-Nov-20,EQ,846,855.8,836.4,842.9,854.8,850.1,843.11,1166.3,375.25,5871913,"4,950,663,909.40",113621
5-Nov-20,EQ,834,851.1,830.05,815.15,845,842.9,841.02,1166.3,375.25,8903859,"7,488,298,537.70",156095
4-Nov-20,EQ,812.2,841.75,810.6,814.05,817.95,815.15,824.78,1166.3,375.25,10077502,"8,311,730,455.30",206966
3-Nov-20,EQ,828,832,812.35,822.4,813.5,814.05,821.95,1166.3,375.25,7011687,"5,763,248,341.75",140829
2-Nov-20,EQ,841.95,843.85,819.2,841.95,822.15,822.4,825.74,1166.3,375.25,5953172,"4,915,797,446.60",111715
30-Oct-20,EQ,842.8,859.7,833,840.05,844.75,841.95,846.09,1170,375.25,8727295,"7,384,043,618.60",134890
29-Oct-20,EQ,825,842.5,818.95,829.6,836.4,840.05,833.08,1170,375.25,6691023,"5,574,154,054.95",116800
28-Oct-20,EQ,852,852,821.6,847.25,829.9,829.6,833.36,1170,375.25,6853043,"5,711,054,678.00",139980
27-Oct-20,EQ,848.95,857.45,838.7,847.8,850,847.25,846.32,1170,375.25,5807905,"4,915,324,316.85",109755
26-Oct-20,EQ,853,860.9,842.05,852.45,847.45,847.8,852.83,1170,375.25,6614014,"5,640,636,211.15",120624
23-Oct-20,EQ,871,875.45,850.6,866.25,852.5,852.45,860.3,1170,375.25,5447502,"4,686,496,350.10",115601
22-Oct-20,EQ,858.9,878,851.55,871.05,866,866.25,866.76,1170,375.25,9607800,"8,327,620,040.70",168926
21-Oct-20,EQ,881,891.65,860,879.65,866,871.05,874.89,1170,375.25,11162084,"9,765,638,802.00",155501
20-Oct-20,EQ,846.95,886,843.6,844.75,881,879.65,875.71,1170,375.25,21564064,"18,883,832,254.25",291297
19-Oct-20,EQ,839.8,861.7,833,827.15,846.95,844.75,848.3,1170,375.25,15671737,"13,294,274,079.85",258268
16-Oct-20,EQ,859,877,820.6,860,830.05,827.15,836.13,1170,375.25,28983265,"24,233,758,849.90",413675
15-Oct-20,EQ,899.95,903.7,833.45,890.45,863.45,860,864,1170,375.25,15648849,"13,520,650,712.00",233161
14-Oct-20,EQ,904,910.7,882,900.4,887,890.45,893.4,1170,375.25,15441223,"13,795,233,299.15",191846
13-Oct-20,EQ,866.3,906.6,863.3,865.8,900.9,900.4,892.77,1170,375.25,18948688,"16,916,814,839.50",230425
12-Oct-20,EQ,860.8,871.95,857.15,855.75,866.2,865.8,864.97,1170,375.25,8717565,"7,540,451,283.15",117629
9-Oct-20,EQ,852.9,862.5,849.3,849.55,857,855.75,856.14,1170,375.25,7286954,"6,238,655,498.20",116290
8-Oct-20,EQ,857.5,879,844.5,828.05,849.5,849.55,862.06,1170,375.25,25860578,"22,293,263,288.10",347607
7-Oct-20,EQ,830,830.6,823,829.15,829.9,828.05,826.72,1170,375.25,6980002,"5,770,534,151.20",118532
6-Oct-20,EQ,830,834.5,822.7,824.2,828,829.15,828.17,1170,375.25,7848520,"6,499,912,047.05",121003
5-Oct-20,EQ,828.8,839.2,815.1,812.95,823.3,824.2,826.77,1170,375.25,11890211,"9,830,483,480.50",174768
1-Oct-20,EQ,819.9,820.95,811.2,811.6,813.7,812.95,815.73,1170,375.25,4321350,"3,525,035,142.45",85705
30-Sep-20,EQ,818,820.5,807.1,812.75,810,811.6,812.95,1170,375.25,9470277,"7,698,857,123.65",173273
29-Sep-20,EQ,837.4,841.1,810.2,835.25,815.35,812.75,825.53,1170,375.25,10554255,"8,712,807,901.35",173071
28-Sep-20,EQ,838.4,844.75,820.8,827.7,834,835.25,835.22,1170,375.25,11146342,"9,309,666,828.50",180648
25-Sep-20,EQ,795.25,836,792.6,788.3,830.1,827.7,821.94,1170,375.25,19813372,"16,285,368,271.70",337042
24-Sep-20,EQ,811,811.45,784,814.1,788,788.3,797.32,1170,375.25,10553632,"8,414,580,211.60",165353
23-Sep-20,EQ,832,844.8,810.15,821,815,814.1,827.51,1170,375.25,18070371,"14,953,462,393.55",280008
22-Sep-20,EQ,813.95,831.5,790.55,802.6,825.8,821,815.42,1170,375.25,21882919,"17,843,764,685.35",399486
21-Sep-20,EQ,823,849.9,793.45,810.6,801.15,802.6,830.79,1170,375.25,24911675,"20,696,285,172.90",403669
18-Sep-20,EQ,808.3,824,804,808.3,810,810.6,814.69,1170,375.25,8847758,"7,208,201,598.45",134982
17-Sep-20,EQ,794.95,817.5,789.5,789.25,806.3,808.3,807.67,1170,375.25,19972987,"16,131,626,946.25",266753
16-Sep-20,EQ,790.05,796.3,779.25,792.7,788.45,789.25,788.92,1170,375.25,7471542,"5,894,465,481.45",168914
15-Sep-20,EQ,791.05,809.85,783.05,794.95,791.8,792.7,795.47,1170,375.25,14024787,"11,156,311,755.85",192773
14-Sep-20,EQ,745,825.1,744.15,721.65,793,794.95,783.61,1170,375.25,32312531,"25,320,377,282.45",415569
11-Sep-20,EQ,712,734,710.15,722.4,720.05,721.65,723.23,1170,375.25,7221687,"5,222,954,988.80",120764
10-Sep-20,EQ,728.65,728.95,713.8,721.95,720.7,722.4,720.77,1170,375.25,3366359,"2,426,371,004.05",67465
9-Sep-20,EQ,712.1,730.9,710.2,725.9,722.6,721.95,721.31,1170,375.25,5514179,"3,977,432,747.85",101369
8-Sep-20,EQ,708.8,738.9,703.2,708.8,721.85,725.9,727.72,1170,375.25,11522742,"8,385,341,841.85",186330
7-Sep-20,EQ,696.35,712.4,689.05,700.8,707.05,708.8,702.03,1170,375.25,4238823,"2,975,801,272.85",89393
4-Sep-20,EQ,695.15,704.5,692.05,706.75,702,700.8,698.83,1170,375.25,3354844,"2,344,480,521.35",49600
3-Sep-20,EQ,704.8,716.4,697.6,701.95,707.8,706.75,708.45,1170,375.25,5468161,"3,873,914,728.00",100811
2-Sep-20,EQ,689.9,704.8,689.1,689.6,702.7,701.95,698.09,1170,375.25,4090511,"2,855,545,336.95",69906
1-Sep-20,EQ,695,704,682.4,694.4,692.25,689.6,695.04,1170,375.25,6377322,"4,432,514,477.35",70102
31-Aug-20,EQ,705,725,686,706.45,688.65,694.4,704.98,1170,375.25,7787176,"5,489,794,792.90",140233
28-Aug-20,EQ,713.7,716.65,703.2,710.15,705.55,706.45,709.69,1170,375.25,5416682,"3,844,192,015.25",115684
27-Aug-20,EQ,713.55,720,706.5,712.8,711.9,710.15,711.92,1170,375.25,3917059,"2,788,614,388.35",62402
26-Aug-20,EQ,704.7,717.75,697,701.6,713.5,712.8,709.35,1170,375.25,4511551,"3,200,252,379.20",76393
25-Aug-20,EQ,705,711.55,694.7,705.7,701,701.6,700.41,1170,375.25,3982510,"2,789,372,797.80",61808
24-Aug-20,EQ,706.05,708.45,695.6,705.9,707.9,705.7,702.77,1170,375.25,4066936,"2,858,138,431.70",62460
21-Aug-20,EQ,715,715,702.7,710.1,705.6,705.9,707.21,1170,375.25,4164686,"2,945,297,038.05",64644
20-Aug-20,EQ,708.5,715.85,706.05,709.85,709.8,710.1,710.84,1170,375.25,3025769,"2,150,840,175.85",46933
19-Aug-20,EQ,713.8,714.2,705,714.45,711,709.85,709.03,1170,375.25,4858027,"3,444,485,075.75",69223
18-Aug-20,EQ,718.95,721.7,712.4,718.85,714.8,714.45,716.61,1170,375.25,3634311,"2,604,383,946.50",55841
17-Aug-20,EQ,711.1,720.8,709.25,709.1,719,718.85,715.87,1170,375.25,3344102,"2,393,926,077.30",86749
14-Aug-20,EQ,727.9,727.9,707.25,724.6,708.95,709.1,715.41,1170,375.25,3887303,"2,781,032,992.30",65815
13-Aug-20,EQ,717,729,713.05,717.1,718.55,724.6,723.6,1170,375.25,8850424,"6,404,185,126.95",105881
12-Aug-20,EQ,680.6,719,677.05,683.8,715.65,717.1,704.18,1170,375.25,13085422,"9,214,491,849.10",154176
11-Aug-20,EQ,694,700.95,681.5,692.05,684,683.8,690.04,1170,375.25,3956472,"2,730,127,036.50",55301
10-Aug-20,EQ,694.95,694.95,685.1,690.3,693.25,692.05,690.25,1170,375.25,3769575,"2,601,948,470.75",55235
7-Aug-20,EQ,699.9,699.9,685,704.9,689.9,690.3,691.26,1170,375.25,7371589,"5,095,682,983.85",96981
6-Aug-20,EQ,692,707.6,686.4,688.4,703.4,704.9,699.71,1170,375.25,5133012,"3,591,600,807.65",69136
5-Aug-20,EQ,692.65,702.4,681,692.65,689.5,688.4,691.03,1170,375.25,6052234,"4,182,298,931.70",92508
4-Aug-20,EQ,709.5,711,687.05,705.95,692.5,692.65,693.47,1170,375.25,6683186,"4,634,576,579.45",127895
3-Aug-20,EQ,709.1,718,700.55,705.2,707.7,705.95,707.54,1170,375.25,5546348,"3,924,282,897.80",102748
31-Jul-20,EQ,701.85,716.7,696,695.45,706,705.2,707.58,1170,375.25,6322672,"4,473,786,956.25",115232
30-Jul-20,EQ,698,712.55,692.65,694.4,696,695.45,704.44,1170,375.25,7966921,"5,612,223,034.45",138161
29-Jul-20,EQ,710,710.75,692.5,712.45,694.4,694.4,698.86,1170,375.25,7142688,"4,991,707,650.85",121239
28-Jul-20,EQ,702,716.05,695.7,701.1,711,712.45,706.79,1170,375.25,8469643,"5,986,235,040.20",182016
27-Jul-20,EQ,684,704.4,676.5,679.95,700.85,701.1,693.12,1170,375.25,11349061,"7,866,239,651.95",206079
24-Jul-20,EQ,641,684.8,640.9,652.85,683.5,679.95,665.76,1170,375.25,12365729,"8,232,573,071.10",160216
23-Jul-20,EQ,650,656.95,643.55,650.15,650.95,652.85,651.15,1170,375.25,3173126,"2,066,179,589.45",76991
22-Jul-20,EQ,657,658,643.1,652.35,650.65,650.15,648.94,1170,375.25,3837969,"2,490,598,440.35",72222
21-Jul-20,EQ,652,662.35,643.3,648.6,652.3,652.35,652.33,1170,375.25,8801064,"5,741,191,833.10",150497
20-Jul-20,EQ,633,652,626.85,623.15,649.4,648.6,639.34,1170,375.25,10543170,"6,740,680,411.15",178170
17-Jul-20,EQ,629.5,644.65,613.4,627.75,624.7,623.15,630.82,1170,375.25,26830689,"16,925,468,925.35",365141
16-Jul-20,EQ,630,652.2,607.15,615.2,634,627.75,631.15,1170,375.25,20771278,"13,109,803,014.05",304276
15-Jul-20,EQ,593.65,627.95,592.5,591.35,618.95,615.2,616.35,1170,375.25,9928037,"6,119,148,156.75",139453
14-Jul-20,EQ,604.6,613.75,588.1,602.6,590.25,591.35,602.11,1170,375.25,6212718,"3,740,749,506.55",101537
13-Jul-20,EQ,585,605,583.35,582.25,604,602.6,597.94,1170,375.25,5443995,"3,255,206,313.00",75578
10-Jul-20,EQ,588.25,588.55,579.85,588.25,582,582.25,583.68,1170,375.25,2376908,"1,387,350,540.50",57166
9-Jul-20,EQ,575.65,591.6,575,574.9,588,588.25,585.07,1170,375.25,4807935,"2,812,977,215.90",73521
8-Jul-20,EQ,594.75,594.75,573,592.05,574.45,574.9,580.07,1170,375.25,4625061,"2,682,849,750.60",81989
7-Jul-20,EQ,582,594.45,575.15,578.7,593,592.05,585.73,1170,375.25,7255520,"4,249,780,977.90",120847
6-Jul-20,EQ,579.15,589,577.25,579.15,578.55,578.7,584.08,1170,375.25,3288423,"1,920,685,979.35",76889
3-Jul-20,EQ,572,580.55,570.6,569.2,578.45,579.15,576.44,1170,375.25,3735600,"2,153,332,391.75",53512
2-Jul-20,EQ,555,572.4,552.9,551.75,570.95,569.2,564.57,1170,375.25,5243654,"2,960,414,869.10",106497
1-Jul-20,EQ,557.95,559.6,551,556.85,551.2,551.75,553.86,1170,375.25,3004728,"1,664,205,947.75",61925
30-Jun-20,EQ,558,560.8,553.25,553.7,557,556.85,556.7,1170,375.25,3110587,"1,731,648,263.85",110486
29-Jun-20,EQ,562,565.9,550.3,562.4,553,553.7,557.41,1170,375.25,3857756,"2,150,361,998.85",99294
26-Jun-20,EQ,550.05,573.9,545,550.05,562.8,562.4,562.18,1170,375.25,7034881,"3,954,869,425.85",118617
25-Jun-20,EQ,557.6,560.7,548,559.6,548.4,550.05,552.37,1170,375.25,6353508,"3,509,501,266.95",111681
24-Jun-20,EQ,575,579.8,554.4,580.25,561,559.6,566.23,1170,375.25,5339903,"3,023,591,331.40",111222
23-Jun-20,EQ,569.7,583.5,563.75,569.6,579,580.25,577.22,1170,375.25,4522086,"2,610,240,459.95",106226
22-Jun-20,EQ,575,576.65,565.4,569.6,569.95,569.6,571.13,1170,375.25,2666303,"1,522,815,747.20",65666
19-Jun-20,EQ,574,578,567.2,578.95,572,569.6,570.92,1170,375.25,6182630,"3,529,815,538.60",76370
18-Jun-20,EQ,571.2,583.8,570.1,575.85,577.9,578.95,576.2,1170,375.25,1918329,"1,105,349,680.50",48659
17-Jun-20,EQ,580,581.85,573,580.9,575.6,575.85,577.87,1170,375.25,3572362,"2,064,352,471.20",93262
16-Jun-20,EQ,585,593.5,578.4,578.95,579.2,580.9,585.75,1170,375.25,4728409,"2,769,651,588.95",92201
15-Jun-20,EQ,574.8,581,563.7,570.75,579.25,578.95,574.52,1170,375.25,3787100,"2,175,760,975.60",81883
12-Jun-20,EQ,555.2,578.7,555.2,578.05,571,570.75,568.02,1170,375.25,6624056,"3,762,582,706.00",118919
11-Jun-20,EQ,580,584.9,574.1,578.7,576.25,578.05,579.16,1170,375.25,4975680,"2,881,695,648.50",72961
10-Jun-20,EQ,575,587.5,573.6,572.85,578,578.7,580.68,1170,375.25,6491758,"3,769,645,787.40",93652
9-Jun-20,EQ,574.15,583.6,570,578.25,570,572.85,576.99,1170,375.25,3812757,"2,199,937,347.40",127861
8-Jun-20,EQ,579.15,583.5,571.05,575.95,578,578.25,578.51,1170,375.25,3772143,"2,182,208,882.35",84820
5-Jun-20,EQ,585,587.15,572.5,578.95,575,575.95,577.45,1170,375.25,3995825,"2,307,377,577.40",90192
4-Jun-20,EQ,565,583.7,559,562.8,580.75,578.95,570.09,1170,375.25,5315354,"3,030,245,420.00",157648
3-Jun-20,EQ,564,568.4,557,560.2,565.3,562.8,562.01,1170,375.25,4202273,"2,361,720,133.05",82210
2-Jun-20,EQ,559.3,567.75,550,559.75,562.95,560.2,560.98,1170,375.25,2930073,"1,643,708,343.00",72773
1-Jun-20,EQ,557,573.4,555.5,550.25,557,559.75,565.68,1170,375.25,4503607,"2,547,616,414.45",80585
29-May-20,EQ,540,555,536.7,542.65,552,550.25,548.18,1170,375.25,7853814,"4,305,327,791.80",111025
28-May-20,EQ,531,546,523,530.95,543.9,542.65,534.35,1170,375.25,4492817,"2,400,751,811.85",97391
27-May-20,EQ,529.7,533.9,516,524,527.2,530.95,524.45,1170,375.25,4828848,"2,532,469,094.40",85742
26-May-20,EQ,530,536.5,520.25,530.4,527.5,524,529.01,1170,375.25,4055697,"2,145,521,329.15",80198
22-May-20,EQ,533.65,535,523,534.85,531.45,530.4,529.42,1170,375.25,6410485,"3,393,840,793.15",88894
21-May-20,EQ,529.8,537.5,523.4,526.75,534.9,534.85,531.05,1170,375.25,4523685,"2,402,305,199.60",85794
20-May-20,EQ,515.05,528.65,515,518.25,526.4,526.75,524.14,1170,375.25,3138733,"1,645,122,999.50",69200
19-May-20,EQ,512,520.5,506.2,510.75,519.2,518.25,515.32,1170,375.25,3967055,"2,044,283,724.75",66640
18-May-20,EQ,514.7,518.65,507.5,511.25,513,510.75,512.45,1170,375.25,5159670,"2,644,092,703.00",88086
15-May-20,EQ,517.95,517.95,505.25,517.45,512.2,511.25,510.91,1170,375.25,4895771,"2,501,283,541.55",92194
14-May-20,EQ,519.4,527.55,514.35,528.75,515,517.45,522,1170,375.25,3741679,"1,953,170,071.80",80074
13-May-20,EQ,539.85,539.85,521.55,527.4,527,528.75,530.41,1170,375.25,3503019,"1,858,036,337.95",65175
12-May-20,EQ,525.45,540,520,527.55,527.3,527.4,531.14,1170,375.25,6440027,"3,420,566,835.55",123687
11-May-20,EQ,526,534.9,521.2,518.4,527,527.55,530.01,1170,375.25,4425560,"2,345,605,221.85",103083
8-May-20,EQ,520.85,522.5,502.4,511.75,519,518.4,515,1170,375.25,10120968,"5,212,261,619.15",161781
7-May-20,EQ,530,541.8,507.55,519.1,510.5,511.75,523.24,1170,375.25,19998942,"10,464,165,769.05",292085
6-May-20,EQ,512.2,526.7,506.2,520.4,521,519.1,517.81,1170,375.25,6921536,"3,584,016,691.65",144546
5-May-20,EQ,526,529.9,515.65,514.25,521.3,520.4,522.08,1170,375.25,4592833,"2,397,806,446.80",93760
4-May-20,EQ,527.5,527.5,508.2,543.55,514.9,514.25,513.96,1170,375.25,7032553,"3,614,482,821.40",143067
30-Apr-20,EQ,506.5,565.5,501,491.75,545,543.55,527.51,1187.6,375.25,8035698,"4,238,930,037.60",142686
29-Apr-20,EQ,474.8,501,470.2,471.1,495,491.75,481.7,1187.6,375.25,3849156,"1,854,120,925.20",74523
28-Apr-20,EQ,489,489,469.45,483.1,474.25,471.1,473.89,1187.6,375.25,4262239,"2,019,852,356.35",58064
27-Apr-20,EQ,473.1,485.7,467.25,468.1,484,483.1,478.49,1187.6,375.25,2914600,"1,394,616,385.75",66778
24-Apr-20,EQ,480,496.9,465.15,477.7,468.1,468.1,479.58,1187.6,375.25,6738441,"3,231,611,938.70",104786
23-Apr-20,EQ,465,480.75,462.4,462.4,480,477.7,473.72,1187.6,375.25,3054988,"1,447,212,593.15",61297
22-Apr-20,EQ,453,469.45,450,455.7,463.5,462.4,461.49,1187.6,375.25,3768051,"1,738,902,050.00",71852
21-Apr-20,EQ,458,464.95,447.85,470,455.05,455.7,455.24,1187.6,375.25,3405204,"1,550,199,472.95",60418
20-Apr-20,EQ,458,473.6,453.5,455.25,469.9,470,467.39,1187.6,375.25,4801120,"2,243,978,570.55",115539
17-Apr-20,EQ,470,475,453.65,459.75,457,455.25,460.6,1187.6,375.25,4706460,"2,167,802,342.15",119829
16-Apr-20,EQ,473,476,456.7,478.75,459.8,459.75,464.99,1187.6,375.25,10484847,"4,875,303,122.95",225515
15-Apr-20,EQ,470,482,462.7,458.25,481.2,478.75,473.04,1187.6,375.25,6333192,"2,995,860,466.25",124242
13-Apr-20,EQ,470,471,454,469.05,461,458.25,458.64,1187.6,375.25,2236731,"1,025,850,219.30",54865
9-Apr-20,EQ,480.7,481,462,463.1,470,469.05,469.6,1187.6,375.25,5069246,"2,380,516,357.20",85608
8-Apr-20,EQ,451,476.8,449,451.15,466.25,463.1,467.34,1187.6,375.25,7991062,"3,734,513,998.30",111912
7-Apr-20,EQ,425,457.95,425,405.8,456,451.15,443.19,1187.6,375.25,5972948,"2,647,166,163.20",120075
3-Apr-20,EQ,418.9,428.6,399.3,413.55,409.85,405.8,415.48,1187.6,375.25,8166456,"3,393,014,502.00",157013
1-Apr-20,EQ,433,433.2,408.2,436.4,414.65,413.55,421.79,1187.6,375.25,8136746,"3,431,993,954.75",112951
31-Mar-20,EQ,433.2,449.4,425.3,419,433,436.4,439.08,1187.6,375.25,6381824,"2,802,104,922.90",118664
30-Mar-20,EQ,410,438.65,410,430.65,424,419,426.61,1187.6,375.25,6325701,"2,698,581,018.65",114637
27-Mar-20,EQ,450.25,457.45,420.5,447.7,434,430.65,431.25,1187.6,375.25,9151132,"3,946,409,120.55",145850
26-Mar-20,EQ,461.1,466.75,441.1,457.6,445.7,447.7,451.39,1187.6,375.25,9504717,"4,290,299,456.10",113214
25-Mar-20,EQ,432,468,417.75,442.05,436,457.6,445.12,1187.6,375.25,11976272,"5,330,864,585.65",109934
24-Mar-20,EQ,413,458.85,411.85,417.15,449,442.05,442.27,1187.6,375.25,9915954,"4,385,560,836.55",142298
23-Mar-20,EQ,415,444,400.45,444.9,425,417.15,415.77,1187.6,375.25,9525670,"3,960,473,954.45",111898
20-Mar-20,EQ,413.5,461.95,411.85,413.45,444.7,444.9,441.91,1187.6,375.25,11916337,"5,265,991,518.60",199014
19-Mar-20,EQ,418.9,434.6,375.25,434.25,419,413.45,413.01,1187.6,375.25,9270054,"3,828,624,864.05",184203
18-Mar-20,EQ,455,464.8,429.05,450.65,437,434.25,442.39,1187.6,395.95,4936460,"2,183,860,725.15",123650
17-Mar-20,EQ,450,478.6,443.35,450.7,455,450.65,459.39,1187.6,395.95,5148569,"2,365,223,532.45",99381
16-Mar-20,EQ,469,479.8,446.85,492.9,453.25,450.7,464.14,1187.6,395.95,5281596,"2,451,413,146.30",126930
13-Mar-20,EQ,460,517.25,395.95,493.35,497,492.9,479.71,1187.6,395.95,6859998,"3,290,807,920.40",117288
12-Mar-20,EQ,521,527.8,486.35,536.8,494,493.35,506.11,1187.6,486.35,5321420,"2,693,243,988.90",161096
11-Mar-20,EQ,526.75,542.65,514,540.45,538.05,536.8,533.8,1187.6,514,4850036,"2,588,947,282.40",105339
9-Mar-20,EQ,555,558,536.45,566.2,542.55,540.45,543.06,1187.6,531.2,3699831,"2,009,218,670.10",82357
6-Mar-20,EQ,570,573.95,559.55,576.4,568,566.2,564.49,1187.6,531.2,3288548,"1,856,339,904.15",72399
5-Mar-20,EQ,568,581.9,563.15,563.1,576,576.4,578.35,1187.6,531.2,6061347,"3,505,571,601.10",89062
4-Mar-20,EQ,569,575.4,561,565.05,562.2,563.1,566.67,1187.6,531.2,5175180,"2,932,609,654.30",104336
3-Mar-20,EQ,556,568.75,555,549.7,568.2,565.05,561.76,1187.6,531.2,4682284,"2,630,302,017.20",131005
2-Mar-20,EQ,541.05,565.85,537.85,534.35,547.6,549.7,553.95,1187.6,531.2,8175982,"4,529,087,569.80",166431
28-Feb-20,EQ,560,564,531.2,573.05,539,534.35,546.95,1187.6,531.2,7894806,"4,318,041,180.30",161062
27-Feb-20,EQ,582.1,582.4,568,583.6,571,573.05,573.13,1187.6,535.05,4078174,"2,337,341,544.00",97257
26-Feb-20,EQ,576.9,589.05,575.5,582.45,583.25,583.6,582.92,1187.6,535.05,5460070,"3,182,772,786.15",100228
25-Feb-20,EQ,595.5,595.7,575,595.15,583.2,582.45,582.04,1187.6,535.05,5525575,"3,216,091,090.50",115367
24-Feb-20,EQ,608,609,591.5,608.05,592.15,595.15,602.49,1187.6,535.05,4070143,"2,452,203,952.25",105019
20-Feb-20,EQ,611,612.95,605.15,605.75,610,608.05,608.47,1187.6,535.05,4820313,"2,932,993,838.55",115488
19-Feb-20,EQ,614.45,618.25,604,607.05,604.45,605.75,610.1,1187.6,535.05,3799862,"2,318,282,583.10",73152
18-Feb-20,EQ,613.45,615.8,605.15,613.45,609.8,607.05,608.11,1187.6,535.05,5237465,"3,184,953,678.30",71859
17-Feb-20,EQ,623,623.5,612.35,621.65,613.45,613.45,615.53,1187.6,535.05,2190578,"1,348,368,545.80",73941
14-Feb-20,EQ,612.45,623.25,612.25,612.45,622.15,621.65,619.82,1187.6,535.05,3650630,"2,262,731,807.85",101590
13-Feb-20,EQ,612,613.95,604.05,614.1,612.5,612.45,608.15,1187.6,535.05,2090363,"1,271,260,965.45",44088
12-Feb-20,EQ,613,620.5,610.3,610.65,612.2,614.1,614.82,1187.6,535.05,4873027,"2,996,058,413.80",108142
11-Feb-20,EQ,606,613.75,605.7,604.9,610.95,610.65,610.79,1187.6,535.05,2458748,"1,501,768,180.25",118909
10-Feb-20,EQ,608.9,611.55,601.65,607.7,603,604.9,605.7,1187.6,535.05,2286213,"1,384,767,003.45",34996
7-Feb-20,EQ,601.65,609.2,599.15,599.7,605,607.7,605.1,1187.6,535.05,2865379,"1,733,839,280.50",57503
6-Feb-20,EQ,598.95,613,598,595.6,601,599.7,603.6,1187.6,535.05,4704968,"2,839,896,598.15",81356
5-Feb-20,EQ,589.4,598.5,586,586.5,595,595.6,594.34,1187.6,535.05,3006324,"1,786,763,873.75",109513
4-Feb-20,EQ,583,589.25,582.5,579.1,587.8,586.5,586.68,1187.6,535.05,3246094,"1,904,422,834.70",70121
3-Feb-20,EQ,591.4,593.65,577.5,590.9,579.85,579.1,583.95,1187.6,535.05,4024193,"2,349,921,570.35",105851
1-Feb-20,EQ,591.4,597.7,580.75,591.4,590.8,590.9,589.72,1187.6,535.05,941425,"555,181,526.40",20264
