Date ,series ,OPEN ,HIGH ,LOW ,PREV. CLOSE ,ltp ,close ,vwap ,52W H ,52W L ,VOLUME ,VALUE ,No of trades ,values,company
1-Feb-21,EQ,560.65,586.95,552.85,560.7,576.95,577.2,566.79,589.75,240.1,6530121,"3,701,186,327.55",76984,520.575,TVS_MOTOR
29-Jan-21,EQ,552.5,589.75,552.1,529.1,557.1,560.7,577.15,589.75,240.1,33901681,"19,566,319,691.20",388250,"7106.23",MARUTHY
28-Jan-21,EQ,523.9,534.65,521.1,531.5,531,529.1,528.93,555.55,240.1,3502868,"1,852,772,120.40",40453,222.6,TATAMOTORS
27-Jan-21,EQ,543,555.55,526.8,542.75,530.9,531.5,544.28,555.55,240.1,9576082,"5,212,046,581.45",122424,"3143.30",BAJAJ
25-Jan-21,EQ,532.95,548.05,519.35,521.95,540,542.75,536.96,548.05,240.1,9581971,"5,145,178,088.45",115618,670.175,M&M
22-Jan-21,EQ,514,535,512.05,509.6,522.55,521.95,525.63,535,240.1,9749796,"5,124,815,091.40",127059,,
21-Jan-21,EQ,513.95,517.95,504.8,509.35,512.6,509.6,513.59,533.85,240.1,1652594,"848,762,118.50",20942,,
20-Jan-21,EQ,515.45,521.9,507,512.8,509,509.35,514.27,533.85,240.1,3038458,"1,562,592,873.80",32686,,
19-Jan-21,EQ,502,515,500,499.7,511.35,512.8,508.99,533.85,240.1,2052245,"1,044,580,451.05",26386,,
18-Jan-21,EQ,506.8,506.8,488.6,507.3,498,499.7,496.68,533.85,240.1,2431492,"1,207,666,485.85",50175,,
15-Jan-21,EQ,512.9,515.25,498.3,513,508.15,507.3,506.57,533.85,240.1,1219504,"617,767,728.00",18666,,
14-Jan-21,EQ,515,519.35,504,511.35,511.4,513,510.64,533.85,240.1,1989436,"1,015,893,112.35",26603,,
13-Jan-21,EQ,518,526.55,507,518.75,510.6,511.35,518,533.85,240.1,2964843,"1,535,801,912.50",39888,,
12-Jan-21,EQ,520.95,533.85,516.5,521.65,517.2,518.75,525.58,533.85,240.1,4967838,"2,610,984,704.80",69385,,
11-Jan-21,EQ,513.9,527.4,508,513.35,521.85,521.65,519.7,527.4,240.1,4116819,"2,139,524,663.75",52881,,
8-Jan-21,EQ,506.4,517,500.2,499.3,513.5,513.35,510.56,519.5,240.1,3684918,"1,881,387,674.65",44201,,
7-Jan-21,EQ,493.5,506.4,489.9,488.15,500.6,499.3,499.62,519.5,240.1,4298543,"2,147,651,607.80",51297,,
6-Jan-21,EQ,492.2,495.2,481.8,491.7,487.5,488.15,489.98,519.5,240.1,1049245,"514,113,955.25",14509,,
5-Jan-21,EQ,492.6,496.75,488.05,495.45,492.2,491.7,492.1,519.5,240.1,962886,"473,831,932.85",11661,,
4-Jan-21,EQ,497.5,499.35,487.55,490.75,494.6,495.45,493.7,519.5,240.1,2066399,"1,020,184,814.80",23731,,
1-Jan-21,EQ,486,492,486,485,491,490.75,489.64,519.5,240.1,816315,"399,702,401.35",10214,,
31-Dec-20,EQ,486.5,494,483.55,486.5,485.95,485,490.11,519.5,240.1,2661140,"1,304,259,367.65",32176,,
30-Dec-20,EQ,489.45,489.45,480,486.75,486.2,486.5,484.73,519.5,240.1,831686,"403,143,045.95",12017,,
29-Dec-20,EQ,490.15,492.1,482.3,483.1,485.9,486.75,487.78,519.5,240.1,2399446,"1,170,412,700.45",24651,,
28-Dec-20,EQ,483.7,488.5,479.75,479.75,485.5,483.1,484.75,519.5,240.1,1113366,"539,704,651.45",15691,,
24-Dec-20,EQ,486.6,495,477.6,483.5,478.55,479.75,482.77,519.5,240.1,1694333,"817,971,997.05",22150,,
23-Dec-20,EQ,465,486.3,460,464.9,483,483.5,477.53,519.5,240.1,1817407,"867,866,491.40",30567,,
22-Dec-20,EQ,462,471.65,445.5,464.9,467,464.9,460.89,519.5,240.1,1771722,"816,567,050.90",28200,,
21-Dec-20,EQ,489,489,453.4,489.1,463.05,464.9,477.17,519.5,240.1,2474224,"1,180,634,763.55",33998,,
18-Dec-20,EQ,490.05,494.75,482.8,490.05,490.4,489.1,489.54,519.5,240.1,1773848,"868,365,557.00",22025,,
17-Dec-20,EQ,495.95,500.05,487.2,494.3,488.05,490.05,496.03,519.5,240.1,2845803,"1,411,598,455.65",33444,,
16-Dec-20,EQ,488,495.35,485.05,484,493.3,494.3,491.02,519.5,240.1,1927424,"946,395,585.05",26946,,
15-Dec-20,EQ,487.85,492.5,482.1,487.65,484,484,486.5,519.5,240.1,1957171,"952,157,804.50",25000,,
14-Dec-20,EQ,489.8,489.9,477.5,484.2,487.85,487.65,483.72,519.5,240.1,2539870,"1,228,581,296.80",36215,,
11-Dec-20,EQ,505.5,513.35,478.6,498.1,482,484.2,493.91,519.5,240.1,8424113,"4,160,766,749.20",102261,,
10-Dec-20,EQ,497,502.55,493,498,495.9,498.1,497.74,519.5,240.1,1881353,"936,423,568.45",22752,,
9-Dec-20,EQ,512.7,514,496.55,507.85,498,498,504.45,519.5,240.1,3009637,"1,518,204,269.75",31722,,
8-Dec-20,EQ,510.2,519.5,505.85,510.85,507,507.85,512.82,519.5,240.1,2930920,"1,503,036,075.70",38409,,
7-Dec-20,EQ,501,517.3,497,498.1,510.05,510.85,508.07,517.3,240.1,4592922,"2,333,537,717.95",69382,,
4-Dec-20,EQ,499.05,503.75,492.65,498.15,496.1,498.1,497.83,508.9,240.1,1655404,"824,117,780.75",21036,,
3-Dec-20,EQ,491.9,501.55,487.5,488.35,498.6,498.15,495.36,508.9,240.1,2282894,"1,130,846,136.50",27136,,
2-Dec-20,EQ,505,508.9,485.15,500.35,488.55,488.35,496.29,508.9,240.1,4884416,"2,424,082,470.60",49407,,
1-Dec-20,EQ,502,506.8,492.55,499.65,499,500.35,499.16,506.8,240.1,3381249,"1,687,788,403.25",44596,,
27-Nov-20,EQ,475.1,504.8,475,474.65,498,499.65,495.34,504.8,240.1,7543390,"3,736,565,649.50",93466,,
26-Nov-20,EQ,476.5,478.65,472.6,475.15,474.8,474.65,475.32,499.5,240.1,2110962,"1,003,375,673.80",17725,,
25-Nov-20,EQ,474.3,479,468.6,471.5,475.05,475.15,473.96,499.5,240.1,2734379,"1,295,992,331.40",29930,,
24-Nov-20,EQ,475.8,477.9,467.75,476.75,470.85,471.5,472.04,499.5,240.1,2305050,"1,088,085,815.90",43615,,
23-Nov-20,EQ,478.1,479.05,471.3,478.45,477,476.75,475.32,499.5,240.1,1686145,"801,456,649.10",22954,,
20-Nov-20,EQ,477.9,481.65,469.65,475.1,476.7,478.45,474.98,499.5,240.1,2018666,"958,832,985.75",29551,,
19-Nov-20,EQ,478,490,472.3,479.55,474.05,475.1,482.14,499.5,240.1,3076393,"1,483,253,402.75",42408,,
18-Nov-20,EQ,472.35,485.7,471.45,475.3,480.2,479.55,478.32,499.5,240.1,3313169,"1,584,751,204.30",39385,,
17-Nov-20,EQ,479.5,481.45,469.3,478.85,475.5,475.3,475.19,499.5,240.1,1778137,"844,946,969.50",22550,,
14-Nov-20,EQ,481,482.8,477,477.8,477.9,478.85,479.25,499.5,240.1,218944,"104,929,061.25",3520,,
13-Nov-20,EQ,482.4,485,476.3,481.8,476.5,477.8,480.42,499.5,240.1,2090223,"1,004,183,052.50",23367,,
12-Nov-20,EQ,477.4,483.9,473.8,477.45,482.1,481.8,479.88,499.5,240.1,2209189,"1,060,156,314.95",23551,,
11-Nov-20,EQ,478.85,490.8,473.6,478.85,476.55,477.45,483.22,499.5,240.1,3449743,"1,666,985,394.35",41358,,
10-Nov-20,EQ,479.5,482.75,474.6,478.95,478.6,478.85,478.73,499.5,240.1,1101526,"527,334,785.70",16834,,
9-Nov-20,EQ,480.5,483,475.1,479.85,479.5,478.95,479.05,499.5,240.1,1081709,"518,195,132.20",15680,,
6-Nov-20,EQ,476.6,481.75,472.1,476.45,479.2,479.85,477.66,499.5,240.1,1130841,"540,154,132.85",15715,,
5-Nov-20,EQ,473.9,479.9,468.35,470.95,477.85,476.45,474.91,499.5,240.1,1983243,"941,869,970.30",29067,,
4-Nov-20,EQ,466.95,473,463,465.7,470.9,470.95,467.55,499.5,240.1,1942382,"908,157,021.90",25679,,
3-Nov-20,EQ,456.9,470.8,452.55,458.4,464.95,465.7,464.53,499.5,240.1,2871768,"1,334,010,806.00",37712,,
2-Nov-20,EQ,459.5,462,447,455.5,456.55,458.4,453.58,499.5,240.1,3838425,"1,741,025,387.15",48475,,
30-Oct-20,EQ,425,464.55,425,422.35,454.95,455.5,452.02,504,240.1,22255254,"10,059,730,593.25",212637,,
29-Oct-20,EQ,424.6,428,421.15,427.25,422.4,422.35,423.96,504,240.1,1353660,"573,895,142.45",17603,,
28-Oct-20,EQ,430.1,439.4,425,432.85,425.6,427.25,433.4,504,240.1,1920026,"832,134,085.75",23783,,
27-Oct-20,EQ,430.5,439.4,421.8,429.7,434,432.85,432.34,504,240.1,2575999,"1,113,703,951.05",33863,,
26-Oct-20,EQ,448.95,448.95,425.6,444.65,428,429.7,433.1,504,240.1,3303472,"1,430,726,904.35",33757,,
23-Oct-20,EQ,445.5,450.75,441.05,442.4,444.5,444.65,445.66,504,240.1,2775965,"1,237,129,775.00",27225,,
22-Oct-20,EQ,445.9,452.6,438,446.1,443.7,442.4,444.85,504,240.1,2944505,"1,309,861,208.05",29727,,
21-Oct-20,EQ,454,457.95,442.6,452.2,446,446.1,450.94,504,240.1,1483413,"668,933,940.65",15930,,
20-Oct-20,EQ,455,459.4,449.15,454.85,452.5,452.2,453.9,504,240.1,1835672,"833,209,685.85",18378,,
19-Oct-20,EQ,466,467.9,450.95,463.25,456,454.85,454.9,504,240.1,1527861,"695,031,193.65",20603,,
16-Oct-20,EQ,458.5,466.6,456.05,458.6,464.05,463.25,463.21,504,240.1,1468254,"680,111,778.80",17558,,
15-Oct-20,EQ,460.5,467.8,456.05,461.55,457.1,458.6,463.1,504,240.1,1757917,"814,088,496.75",21121,,
14-Oct-20,EQ,462,465,454,459.35,461.35,461.55,459.42,504,240.1,2796838,"1,284,926,712.95",28171,,
13-Oct-20,EQ,469.9,472.4,457.45,469,459.5,459.35,464.14,504,240.1,3433208,"1,593,487,749.20",60282,,
12-Oct-20,EQ,474.5,478.5,462.75,471.5,470,469,467.98,504,240.1,1938913,"907,365,025.75",23470,,
9-Oct-20,EQ,474.95,479.15,467.65,475.2,472,471.5,471.61,504,240.1,1863792,"878,975,059.15",27414,,
8-Oct-20,EQ,481.55,486,470.3,478.75,471.8,475.2,477.51,504,240.1,3911153,"1,867,614,586.55",32655,,
7-Oct-20,EQ,470.5,482.8,467,471.6,481.35,478.75,475.19,504,240.1,2103061,"999,349,666.95",27337,,
6-Oct-20,EQ,476,482.95,469.8,473.55,470.15,471.6,476.09,504,240.1,2769276,"1,318,419,716.15",28359,,
5-Oct-20,EQ,485,485.2,464.95,479.9,472.75,473.55,473.07,504,240.1,4368513,"2,066,613,008.80",44487,,
1-Oct-20,EQ,473,489.9,472,468.3,480.4,479.9,483.14,504,240.1,4887074,"2,361,147,438.25",54586,,
30-Sep-20,EQ,468.35,479.35,464.85,470.25,470.4,468.3,470.72,504,240.1,3188617,"1,500,957,248.40",39772,,
29-Sep-20,EQ,475,480.95,468.2,471.45,470.8,470.25,473.48,504,240.1,3186585,"1,508,773,634.75",37823,,
28-Sep-20,EQ,452,474.25,450.95,446.95,474,471.45,465.05,504,240.1,3661514,"1,702,783,681.75",54030,,
25-Sep-20,EQ,438.5,450.9,431.6,435.25,447,446.95,441.3,504,240.1,1880898,"830,049,000.50",23256,,
24-Sep-20,EQ,439.55,439.55,426,442.4,434,435.25,433.5,504,240.1,1872522,"811,741,877.95",21548,,
23-Sep-20,EQ,449,450,434,442.85,441.15,442.4,441.3,504,240.1,2798035,"1,234,765,041.85",32212,,
22-Sep-20,EQ,448.5,450.25,432.6,453.5,445.5,442.85,441.34,504,240.1,2365716,"1,044,077,032.15",37075,,
21-Sep-20,EQ,457.3,459.75,446.3,457.3,447.95,453.5,453.88,504,240.1,2557312,"1,160,712,337.45",28872,,
18-Sep-20,EQ,461.2,468,454.5,457.05,456.3,457.3,461.88,504,240.1,2203254,"1,017,636,038.25",31914,,
17-Sep-20,EQ,460,465.6,454.2,462.15,457.6,457.05,459.17,504,240.1,1436996,"659,819,142.70",21535,,
16-Sep-20,EQ,455.45,472,453.8,455.45,462.85,462.15,465.67,504,240.1,4488424,"2,090,126,664.45",61701,,
15-Sep-20,EQ,458,460,447.65,456.6,455.05,455.45,453.45,504,240.1,1761274,"798,648,088.45",21149,,
14-Sep-20,EQ,448.2,458.9,446.25,444.25,455.4,456.6,452.39,504,240.1,2660236,"1,203,456,046.05",33261,,
11-Sep-20,EQ,435,446.95,435,437.9,444.4,444.25,441.39,504,240.1,2483654,"1,096,270,917.30",33852,,
10-Sep-20,EQ,445.7,445.7,430.2,438.15,438.05,437.9,436.01,504,240.1,2276992,"992,784,781.15",28706,,
9-Sep-20,EQ,430,442,425.6,434,439,438.15,433.73,504,240.1,2166229,"939,557,119.95",23063,,
8-Sep-20,EQ,440.4,441.3,430.55,440.4,431.2,434,437.21,504,240.1,1759550,"769,299,179.20",18973,,
7-Sep-20,EQ,434.9,441.5,431.05,433.9,439.5,440.4,436.61,504,240.1,2519913,"1,100,226,723.50",28262,,
4-Sep-20,EQ,429.35,442,423.4,435.35,433.35,433.9,435.78,504,240.1,2765538,"1,205,174,479.70",38924,,
3-Sep-20,EQ,441.5,445.55,433.7,437.1,435.15,435.35,438.61,504,240.1,2264585,"993,266,213.85",33077,,
2-Sep-20,EQ,435.1,441.4,427,440.4,437.2,437.1,432.59,504,240.1,4147271,"1,794,073,268.20",55303,,
1-Sep-20,EQ,437.45,442.5,428,432.85,441.85,440.4,436.46,504,240.1,2704221,"1,180,273,748.10",35206,,
31-Aug-20,EQ,453,454.9,429.5,449.75,431,432.85,438.15,504,240.1,3073233,"1,346,523,069.85",39378,,
28-Aug-20,EQ,459,463,448.35,459.15,451,449.75,453.62,504,240.1,2669472,"1,210,936,551.95",44066,,
27-Aug-20,EQ,467.45,467.95,455,467.5,459.8,459.15,458.22,504,240.1,4260029,"1,952,016,005.15",45590,,
26-Aug-20,EQ,469.45,477,458.2,445.55,467,467.5,467.81,504,240.1,15082270,"7,055,597,394.50",157049,,
25-Aug-20,EQ,450,460.05,441.75,448.8,446.5,445.55,450.07,504,240.1,2428730,"1,093,090,182.50",30997,,
24-Aug-20,EQ,456,456,447.15,453.3,447.8,448.8,451.43,504,240.1,2651967,"1,197,174,185.50",30139,,
21-Aug-20,EQ,452.55,461.5,446.75,450.05,452.65,453.3,453.28,504,240.1,3250392,"1,473,331,710.45",40112,,
20-Aug-20,EQ,431.55,452.95,427.55,434.65,450,450.05,443.61,504,240.1,3305887,"1,466,512,243.35",42723,,
19-Aug-20,EQ,435,442.2,433,433.4,435,434.65,436.9,504,240.1,1802766,"787,633,284.20",23796,,
18-Aug-20,EQ,426.5,435.95,423.7,426.8,435.75,433.4,431.04,504,240.1,2196026,"946,581,471.30",26959,,
17-Aug-20,EQ,430,430,415.05,418.1,425.65,426.8,424.81,504,240.1,2228221,"946,563,397.60",29034,,
14-Aug-20,EQ,432,434.4,415.6,430.1,417.05,418.1,423.64,504,240.1,2673256,"1,132,509,977.05",33613,,
13-Aug-20,EQ,421.3,436.4,418,417.65,429.5,430.1,428.33,504,240.1,5840862,"2,501,844,257.85",70420,,
12-Aug-20,EQ,416.7,422.8,409.05,416.9,418,417.65,418.76,504,240.1,3892666,"1,630,100,366.85",49819,,
11-Aug-20,EQ,419.2,424,413.15,418.65,416.5,416.9,416.88,504,240.1,2206472,"919,845,010.05",27738,,
10-Aug-20,EQ,425,426.95,415.2,421.5,418.35,418.65,421.17,504,240.1,2082987,"877,282,061.00",42334,,
7-Aug-20,EQ,419,429.9,415.15,418.85,421.15,421.5,424.41,504,240.1,5894380,"2,501,629,564.45",80727,,
6-Aug-20,EQ,415,422,403.45,409.35,421.7,418.85,412.28,504,240.1,3667202,"1,511,899,415.30",46900,,
5-Aug-20,EQ,404.8,412,400.15,398.95,411.55,409.35,407.62,504,240.1,2215778,"903,195,569.05",35117,,
4-Aug-20,EQ,397.35,404.2,391.75,396.2,399.5,398.95,398.96,504,240.1,2926555,"1,167,575,074.10",37931,,
3-Aug-20,EQ,392,399.15,388.05,387.5,397.35,396.2,394.44,504,240.1,4124285,"1,626,793,105.60",42472,,
31-Jul-20,EQ,404.65,405.95,385,402.15,389,387.5,395.2,504,240.1,2415056,"954,421,707.55",29876,,
30-Jul-20,EQ,398,407.9,383.7,402.95,405.4,402.15,398.93,504,240.1,6072262,"2,422,435,460.05",61700,,
29-Jul-20,EQ,406,414.5,397.45,406.25,401.5,402.95,407.44,504,240.1,2809299,"1,144,626,799.95",40235,,
28-Jul-20,EQ,397,409,395.4,397.1,405.35,406.25,405.55,504,240.1,2396715,"971,978,527.45",28076,,
27-Jul-20,EQ,398.15,400.2,390.6,398.15,398.05,397.1,395.46,504,240.1,883920,"349,552,295.65",11400,,
24-Jul-20,EQ,403,404.55,395,405.75,397.4,398.15,400,504,240.1,1473770,"589,515,094.15",15316,,
23-Jul-20,EQ,398.75,408.65,395.85,397.85,407.25,405.75,403.33,504,240.1,2166455,"873,796,367.25",24464,,
22-Jul-20,EQ,405.5,405.5,390,402.95,397.85,397.85,395.55,504,240.1,2267075,"896,745,881.40",27039,,
21-Jul-20,EQ,401.4,410.95,401,398.8,402.3,402.95,407.2,504,240.1,4863488,"1,980,424,087.95",76226,,
20-Jul-20,EQ,388.4,399.85,387.25,389.95,398.2,398.8,396.17,504,240.1,1187719,"470,541,333.05",18270,,
17-Jul-20,EQ,392.15,400.5,388.75,391.5,390.4,389.95,394.03,504,240.1,3084182,"1,215,263,108.05",60200,,
16-Jul-20,EQ,394.8,394.8,382.25,389.75,392,391.5,390.81,504,240.1,1778321,"694,990,128.95",26524,,
15-Jul-20,EQ,384.8,396.55,383.1,382.5,389.2,389.75,391.05,504,240.1,2249374,"879,624,082.35",34370,,
14-Jul-20,EQ,383,389.15,377,389.55,381,382.5,381.8,504,240.1,1859411,"709,925,036.95",26908,,
13-Jul-20,EQ,387.6,391.75,384.05,385.7,390,389.55,388.69,504,240.1,1218951,"473,788,923.80",17840,,
10-Jul-20,EQ,388.9,397.8,383.8,389.7,386,385.7,389.59,504,240.1,2589115,"1,008,697,657.50",35824,,
9-Jul-20,EQ,390,390.85,381.5,384.95,389.7,389.7,386.41,504,240.1,2337807,"903,350,481.40",33664,,
8-Jul-20,EQ,402.3,402.45,383,400.1,384.5,384.95,388.62,504,240.1,3319452,"1,289,991,708.15",58401,,
7-Jul-20,EQ,410,411.1,397.55,408.25,398.05,400.1,402.64,504,240.1,2369260,"953,961,407.90",30090,,
6-Jul-20,EQ,399.95,412.3,397.5,395.5,408.1,408.25,404.51,504,240.1,3153500,"1,275,623,583.20",39236,,
3-Jul-20,EQ,387.3,397.7,385.05,385.5,396.65,395.5,393.43,504,240.1,3171494,"1,247,752,595.30",41133,,
2-Jul-20,EQ,387,389.95,381.2,383.85,385,385.5,385.63,504,240.1,2343732,"903,808,788.05",39629,,
1-Jul-20,EQ,378.5,386.5,377.15,378.35,383.1,383.85,382.12,504,240.1,1458044,"557,154,083.55",18135,,
30-Jun-20,EQ,382,386.35,375.45,378.3,375.6,378.35,381.58,504,240.1,1360437,"519,115,669.30",17683,,
29-Jun-20,EQ,380.9,383.65,374,381.65,376.8,378.3,378.2,504,240.1,1486836,"562,325,449.95",25060,,
26-Jun-20,EQ,387.9,387.9,379.05,383.3,381.8,381.65,382.51,504,240.1,1593654,"609,593,423.05",33433,,
25-Jun-20,EQ,376.1,392.8,375.1,380.6,380.45,383.3,383.67,504,240.1,4289982,"1,645,933,293.60",45172,,
24-Jun-20,EQ,387.6,390.95,378.7,381.8,383,380.6,384.67,504,240.1,2327148,"895,182,302.60",38641,,
23-Jun-20,EQ,385.9,387,379.35,382.9,382.6,381.8,382.95,504,240.1,1973691,"755,829,907.35",23968,,
22-Jun-20,EQ,367.1,387,367.1,368.95,383.2,382.9,380.42,504,240.1,2751257,"1,046,642,307.30",37594,,
19-Jun-20,EQ,365,374,361.85,363.75,367.1,368.95,368.94,504,240.1,2520338,"929,852,974.60",50526,,
18-Jun-20,EQ,360,364.9,358.15,359.45,364,363.75,361.89,504,240.1,2226112,"805,612,317.00",28323,,
17-Jun-20,EQ,352,361,348.9,354.15,359,359.45,355.8,504,240.1,3022886,"1,075,549,313.05",43517,,
16-Jun-20,EQ,348,358.4,347,344.2,352.85,354.15,354.15,504,240.1,3865598,"1,368,990,857.25",45454,,
15-Jun-20,EQ,340.35,350.5,336.5,345.35,343.4,344.2,342.86,504,240.1,2571638,"881,718,346.60",30542,,
12-Jun-20,EQ,307.2,348.3,307.2,332.2,344.15,345.35,333.05,504,240.1,4669968,"1,555,351,937.80",47706,,
11-Jun-20,EQ,345,348.7,329.35,343.85,329.95,332.2,337.27,504,240.1,3377821,"1,139,249,081.05",44559,,
10-Jun-20,EQ,353,361.35,342.15,351.25,344.35,343.85,348.27,504,240.1,3234900,"1,126,606,427.00",38680,,
9-Jun-20,EQ,354.5,357.15,347.1,352.75,351.35,351.25,351.14,504,240.1,2208093,"775,339,035.55",37426,,
8-Jun-20,EQ,364.85,368.35,349.55,359.15,352,352.75,358.53,504,240.1,2263474,"811,528,710.15",28319,,
5-Jun-20,EQ,359.85,362.9,353.65,355.25,358.1,359.15,358.2,511.75,240.1,2134564,"764,607,672.65",26793,,
4-Jun-20,EQ,355,363,350.35,355.55,355.9,355.25,355.46,511.75,240.1,2252915,"800,815,030.30",32520,,
3-Jun-20,EQ,371.1,372.5,352.75,364.1,355.95,355.55,362.18,511.75,240.1,2931903,"1,061,884,490.55",35858,,
2-Jun-20,EQ,349,372.95,348.6,352,364.35,364.1,364.63,511.75,240.1,7608515,"2,774,298,175.10",95493,,
1-Jun-20,EQ,342,354.85,341.05,335.9,351.85,352,350.79,511.75,240.1,4624929,"1,622,373,211.80",67383,,
29-May-20,EQ,330,344,322.35,333.1,336.05,335.9,335.43,511.75,240.1,8202847,"2,751,475,622.35",88443,,
28-May-20,EQ,325,337.4,323.05,323.05,331.75,333.1,329.6,511.75,240.1,4800722,"1,582,333,131.15",51994,,
27-May-20,EQ,322,325,308.25,322.5,323.15,323.05,317.17,511.75,240.1,4252554,"1,348,764,200.35",44723,,
26-May-20,EQ,316.95,324.8,310.3,314.15,321.7,322.5,317.35,511.75,240.1,3176296,"1,008,010,670.90",45791,,
22-May-20,EQ,312,319,308,315.8,314.2,314.15,312.73,511.75,240.1,2202580,"688,810,477.10",26397,,
21-May-20,EQ,312.05,326.95,312.05,309,315.65,315.8,320.26,511.75,240.1,5528411,"1,770,513,052.25",72134,,
20-May-20,EQ,304,310.9,300.55,303.35,309.05,309,306.25,511.75,240.1,2697730,"826,191,782.40",33366,,
19-May-20,EQ,311,313.9,301.05,305.8,303,303.35,307.12,511.75,240.1,3170929,"973,851,824.30",41766,,
18-May-20,EQ,341,341,302.5,336.1,305,305.8,315.49,511.75,240.1,4232380,"1,335,278,506.55",43588,,
15-May-20,EQ,343.55,346,333.6,342.35,336,336.1,341.17,511.75,240.1,2133151,"727,762,174.90",26592,,
14-May-20,EQ,335,351.5,334.95,344.9,342.15,342.35,343.74,511.75,240.1,3315251,"1,139,583,510.25",45894,,
13-May-20,EQ,348.9,360,342.05,338.15,343.1,344.9,348.75,511.75,240.1,4259118,"1,485,360,229.75",52132,,
12-May-20,EQ,329,344.5,321.5,333.8,329.25,338.15,330.57,511.75,240.1,4095397,"1,353,812,946.10",58421,,
11-May-20,EQ,319.3,341.4,315,313.45,332,333.8,332.29,511.75,240.1,6946548,"2,308,302,252.15",100968,,
8-May-20,EQ,324,326.7,310.1,320.75,313,313.45,316.39,511.75,240.1,2425590,"767,435,744.45",39283,,
7-May-20,EQ,321,328.9,316.3,323.4,319.1,320.75,323.93,511.75,240.1,3475640,"1,125,872,265.50",53639,,
6-May-20,EQ,303,330,301.55,308.35,323.2,323.4,316.07,511.75,240.1,5164142,"1,632,255,369.90",59822,,
5-May-20,EQ,315,321.9,306,310.45,308.15,308.35,314.43,511.75,240.1,2536054,"797,414,764.15",38425,,
4-May-20,EQ,307,312.8,304.1,328.35,311.2,310.45,308.97,511.75,240.1,2608630,"805,993,198.70",38476,,
30-Apr-20,EQ,313.5,334.1,311.2,307.9,326.5,328.35,321.36,511.75,240.1,8220150,"2,641,622,827.40",119600,,
29-Apr-20,EQ,300.9,311,292.1,296.3,309.5,307.9,304.61,511.75,240.1,4271122,"1,301,029,237.45",58650,,
28-Apr-20,EQ,301,304.75,291.35,299.3,294.85,296.3,296.23,511.75,240.1,3994864,"1,183,398,064.30",48286,,
27-Apr-20,EQ,298.4,305.4,295.25,297,299.25,299.3,299.43,511.75,240.1,2658365,"795,996,464.25",42186,,
24-Apr-20,EQ,298,302,289.05,298.85,295,297,294.14,523.75,240.1,4163580,"1,224,695,948.40",42686,,
23-Apr-20,EQ,303,306.9,297.75,302.55,297.9,298.85,301.42,523.75,240.1,2771147,"835,290,482.95",30165,,
22-Apr-20,EQ,308,311.45,296.2,311.05,304.1,302.55,303.1,523.75,240.1,6813699,"2,065,234,146.75",55828,,
21-Apr-20,EQ,303.1,314,293.3,307.55,308.5,311.05,304.71,523.75,240.1,3939566,"1,200,410,788.15",46147,,
20-Apr-20,EQ,321.95,321.95,303.05,300.95,306.4,307.55,308.95,523.75,240.1,7127739,"2,202,086,825.35",100403,,
17-Apr-20,EQ,290,303.8,283.2,276.2,300.05,300.95,293.84,523.85,240.1,9091683,"2,671,469,706.95",88999,,
16-Apr-20,EQ,267.1,280,265.2,276.3,277.55,276.2,270.57,523.85,240.1,6728570,"1,820,518,577.30",52962,,
15-Apr-20,EQ,290,298.9,273.6,289.8,275,276.3,286.96,523.85,240.1,5152327,"1,478,534,416.95",64752,,
13-Apr-20,EQ,307,307,287.1,305.8,290.5,289.8,292.24,523.85,240.1,2420220,"707,288,487.35",54654,,
9-Apr-20,EQ,288,313.2,287.1,285.9,307,305.8,300.18,523.85,240.1,5331004,"1,600,280,082.25",75690,,
8-Apr-20,EQ,261.1,288,261,264.4,285.5,285.9,277.54,523.85,240.1,6025235,"1,672,231,169.50",67223,,
7-Apr-20,EQ,254,278.2,240.1,252.95,278.15,264.4,253.41,523.85,240.1,7046208,"1,785,544,677.75",65112,,
3-Apr-20,EQ,275.05,277.95,251.5,279.15,251.5,252.95,259.03,523.85,251.5,3325587,"861,422,637.95",56878,,
1-Apr-20,EQ,297.35,297.4,275,297.55,276.5,279.15,282.23,523.85,275,2763951,"780,076,799.65",50108,,
31-Mar-20,EQ,297,302.9,287.05,292.8,302,297.55,295.64,523.85,287,1026802,"303,567,462.85",22239,,
30-Mar-20,EQ,295,300.75,287,303.95,296,292.8,293.29,523.85,287,1633641,"479,135,525.35",32127,,
27-Mar-20,EQ,328,333,298,322.35,304,303.95,314.21,523.85,298,3061148,"961,854,515.80",60689,,
26-Mar-20,EQ,332,342,312.6,332.5,322.1,322.35,323.42,523.85,306,4672157,"1,511,061,836.80",94857,,
25-Mar-20,EQ,330,347.85,325.15,339.4,325.3,332.5,336.57,523.85,306,2560659,"861,830,869.45",62863,,
24-Mar-20,EQ,310.5,354.75,310.5,331.35,339.2,339.4,333.42,523.85,306,2368750,"789,778,969.60",60861,,
23-Mar-20,EQ,345,370,306,379.8,315,331.35,328.19,523.85,306,1619513,"531,511,915.85",27822,,
20-Mar-20,EQ,365.1,383.5,354,363.2,375.3,379.8,367.94,523.85,338.25,1987347,"731,225,804.80",27097,,
19-Mar-20,EQ,341,386.55,341,363.35,363.8,363.2,369.02,523.85,338.25,1936414,"714,579,335.10",39307,,
18-Mar-20,EQ,387.55,391.4,352.65,385.15,365,363.35,367.02,523.85,338.25,1727263,"633,938,609.20",26237,,
17-Mar-20,EQ,380,400.8,372.45,380.65,382.65,385.15,388.34,523.85,338.25,1202231,"466,871,594.90",23908,,
16-Mar-20,EQ,383.5,396.3,376.55,403.1,379.15,380.65,386.92,523.85,338.25,601756,"232,834,006.95",20560,,
13-Mar-20,EQ,351,408.65,349.4,388.2,404.15,403.1,385.16,523.85,338.25,1617982,"623,185,680.50",30612,,
12-Mar-20,EQ,387.95,395.95,366,403.8,390,388.2,381.3,523.85,338.25,1669093,"636,424,786.45",21876,,
11-Mar-20,EQ,397.25,409.4,391.75,399.7,404,403.8,402.31,523.85,338.25,1745488,"702,230,528.55",20201,,
9-Mar-20,EQ,402.15,407.75,388.35,414.1,397.8,399.7,399.73,523.85,338.25,1370754,"547,933,045.75",17171,,
6-Mar-20,EQ,404.7,416.5,396.25,413.95,411.3,414.1,409.65,523.85,338.25,1049346,"429,865,620.65",13841,,
5-Mar-20,EQ,413.7,417.65,406.2,409.85,413.5,413.95,412.34,523.85,338.25,1096006,"451,931,994.60",13865,,
4-Mar-20,EQ,424,428,400.6,422.15,409,409.85,409.4,523.85,338.25,2691474,"1,101,882,227.40",29300,,
3-Mar-20,EQ,422,430,408.5,419.35,425.2,422.15,418.27,523.85,338.25,1973306,"825,366,409.70",21808,,
2-Mar-20,EQ,435.55,446.7,412.55,435.7,417,419.35,432.58,523.85,338.25,2266674,"980,509,320.75",28280,,
28-Feb-20,EQ,421,441,418.85,439.6,433.1,435.7,432.04,523.85,338.25,2258696,"975,858,167.60",28031,,
27-Feb-20,EQ,428,444,422.95,435.3,435.8,439.6,433.56,523.85,338.25,2638164,"1,143,793,530.05",25395,,
26-Feb-20,EQ,424.8,437.8,423.55,436.4,435,435.3,431.73,523.85,338.25,1585956,"684,701,100.00",18914,,
25-Feb-20,EQ,422,441.9,409.45,438.6,436.4,436.4,425.04,523.85,338.25,8613028,"3,660,887,755.05",108376,,
24-Feb-20,EQ,446.4,448.45,436.25,446.45,437.5,438.6,443.08,523.85,338.25,1050427,"465,419,816.40",16676,,
20-Feb-20,EQ,440.5,447.9,437.3,440.7,445.65,446.45,443.54,523.85,338.25,1211994,"537,573,285.25",18979,,
19-Feb-20,EQ,442.95,446.7,434.55,438.4,440.75,440.7,440.36,523.85,338.25,1353692,"596,110,754.95",20642,,
18-Feb-20,EQ,429,443,424,430.45,440,438.4,431.85,523.85,338.25,1737719,"750,430,621.35",24912,,
17-Feb-20,EQ,436,440.5,428.15,439.2,431.7,430.45,433.98,523.85,338.25,1104464,"479,310,299.20",22090,,
14-Feb-20,EQ,444.8,447.55,437.1,444.8,438,439.2,443.39,523.85,338.25,814225,"361,017,886.00",14957,,
13-Feb-20,EQ,450.85,451.5,441.6,448.05,444.45,444.8,446.05,523.85,338.25,895235,"399,317,557.65",15489,,
12-Feb-20,EQ,454.8,455.2,444.4,451,449.35,448.05,448.29,523.85,338.25,899763,"403,352,227.40",18375,,
11-Feb-20,EQ,458.9,461.65,449.4,456.2,450.8,451,456.42,523.85,338.25,1022942,"466,890,416.75",11833,,
10-Feb-20,EQ,466.2,467.8,454.5,466.2,455,456.2,459.78,523.85,338.25,862786,"396,689,359.75",15158,,
7-Feb-20,EQ,476.2,479.95,464.75,473.85,465.15,466.2,469.96,523.85,338.25,1261340,"592,773,342.45",22488,,
6-Feb-20,EQ,464,481,463,463.05,473.75,473.85,475.66,523.85,338.25,2689597,"1,279,339,083.75",39449,,
5-Feb-20,EQ,456.15,483,456.15,455.25,461.95,463.05,470.02,523.85,338.25,4906286,"2,306,075,619.85",98374,,
4-Feb-20,EQ,472,480.85,450,471.3,459.5,455.25,465.32,523.85,338.25,2614003,"1,216,357,591.20",66262,,
3-Feb-20,EQ,457,473.8,454.6,463.95,470.45,471.3,466.33,523.85,338.25,1694927,"790,391,591.90",43816,,
1-Feb-20,EQ,466,473.5,460.25,467.05,460.55,463.95,467.04,532.05,338.25,1128442,"527,031,781.10",27169,,
